data;id_compra;loja;vendedor;produto;cliente_nome;cliente_genero;forma_pagamento
2025-08-20 09:52:33.462351;0;Salvador;Francisco José;SmartTV OLED 4k TCL;Derek Caster;masculino;boleto
2025-08-20 12:51:35.847813;1;Natal;João Pedro;PlayStation 5;Mable Trimble;feminino;cartão de crédito
2025-08-20 15:07:34.270587;2;Fortaleza;Matheus Pereira;Smartwatch QCY;Denise Hammons;feminino;cartão de crédito
2025-08-20 17:40:32.809265;3;Salvador;Francisco José;Smartwatch QCY;Julio Brenton;masculino;cartão de crédito
2025-08-21 12:32:32.692153;4;Fortaleza;Ana Oliveira;Geladeira Eletrolux;Mattie Peterson;feminino;pix
2025-08-21 12:56:35.060999;5;Fortaleza;Ana Oliveira;SmartTV OLED 4k TCL;Tyrone Gales;masculino;cartão de crédito
2025-08-21 13:32:32.202038;6;Salvador;Carla Montenegro;Smartphone Samsung Galaxy;Ronald Desrochers;masculino;boleto
2025-08-21 15:20:35.052373;7;Fortaleza;Ana Oliveira;Smartphone Samsung Galaxy;Dianne Walker;feminino;boleto
2025-08-21 17:44:32.958298;8;Natal;Clara Neves;Smartphone Samsung Galaxy;Lauren Crawford;feminino;pix
2025-08-21 17:49:35.009890;9;Fortaleza;Ana Oliveira;Smartphone Samsung Galaxy;Jonathan Reeves;masculino;pix
2025-08-22 13:22:35.444280;10;Salvador;Carla Montenegro;PlayStation 5;Christina Teague;feminino;cartão de crédito
2025-08-22 15:18:32.364148;11;Recife;Fernanda Costa;SmartTV OLED 4k TCL;Elisabeth Levine;feminino;dinheiro
2025-08-22 16:23:36.322361;12;Natal;Clara Neves;Smartphone Samsung Galaxy;Travis Alberson;masculino;dinheiro
2025-08-23 11:15:33.129385;13;Fortaleza;Ana Oliveira;SmartTV OLED 4k TCL;Jill Bello;feminino;cartão de crédito
2025-08-24 10:29:32.244792;14;São Paulo;Floriana Peixoto;Smartwatch QCY;Jody Pensinger;masculino;cartão de crédito
2025-08-24 10:47:33.049847;15;Fortaleza;Ana Oliveira;PlayStation 5;Rodney Paul;masculino;cartão de crédito
2025-08-24 13:57:32.211743;16;Salvador;Carla Montenegro;SmartTV OLED 4k TCL;Robert Bench;masculino;pix
2025-08-24 15:19:33.090179;17;Recife;Carlos Silva;PlayStation 5;Frank Whitlock;masculino;boleto
2025-08-24 16:42:34.642425;18;São Paulo;Floriana Peixoto;SmartTV OLED 4k TCL;Larry Smith;masculino;dinheiro
2025-08-24 16:45:33.642001;19;Recife;Carlos Silva;Smartwatch QCY;Robert Hoey;masculino;pix
2025-08-24 19:18:35.700949;20;Fortaleza;Matheus Pereira;Smartphone Samsung Galaxy;Sharla Macdonald;feminino;pix
2025-08-24 19:44:32.161966;21;Salvador;Carla Montenegro;SmartTV OLED 4k TCL;Elizabeth Mashaw;feminino;boleto
2025-08-24 20:11:35.570866;22;Natal;João Pedro;Smartphone Samsung Galaxy;Mark Hudson;masculino;pix
2025-08-24 20:40:36.440803;23;Fortaleza;Matheus Pereira;Geladeira Eletrolux;Ron Chandler;masculino;cartão de crédito
2025-08-25 10:41:32.205478;24;São Paulo;Floriana Peixoto;SmartTV OLED 4k TCL;Colin Perry;masculino;pix
2025-08-25 12:39:34.690328;25;Fortaleza;Ana Oliveira;Smartwatch QCY;John Anderson;masculino;cartão de crédito
2025-08-25 14:54:32.878645;26;Recife;Carlos Silva;Smartphone Samsung Galaxy;Robert Smith;masculino;cartão de crédito
2025-08-25 16:22:33.957432;27;São Paulo;Maurício Peçanha;Smartwatch QCY;Michelle Dewitt;feminino;cartão de crédito
2025-08-26 11:52:36.087270;28;Recife;Fernanda Costa;Smartphone Samsung Galaxy;Jennifer Tram;feminino;dinheiro
2025-08-26 12:26:32.457227;29;Natal;João Pedro;SmartTV OLED 4k TCL;Josephine Chavez;feminino;pix
2025-08-26 13:29:33.179662;30;Recife;Carlos Silva;SmartTV OLED 4k TCL;Jerry Florido;masculino;cartão de crédito
2025-08-26 14:04:36.441017;31;Fortaleza;Matheus Pereira;SmartTV OLED 4k TCL;Jennifer Davalos;feminino;cartão de crédito
2025-08-26 18:01:32.271947;32;Recife;Carlos Silva;SmartTV OLED 4k TCL;William Rodriguez;masculino;boleto
2025-08-26 19:50:35.717861;33;Fortaleza;Ana Oliveira;Smartwatch QCY;Mariano Yeager;masculino;pix
2025-08-26 20:32:34.532921;34;Natal;João Pedro;PlayStation 5;Logan Gonzalez;masculino;cartão de crédito
2025-08-26 20:35:33.253108;35;Recife;Carlos Silva;Geladeira Eletrolux;Clint Avila;masculino;cartão de crédito
2025-08-27 15:36:34.070676;36;Salvador;Francisco José;Geladeira Eletrolux;Tyrone Holmquist;masculino;cartão de crédito
2025-08-27 19:34:36.122777;37;São Paulo;Floriana Peixoto;Geladeira Eletrolux;Dana Rice;feminino;cartão de crédito
2025-08-28 12:48:33.825347;38;Salvador;Francisco José;Geladeira Eletrolux;Mary Reyes;feminino;pix
2025-08-28 15:10:36.302330;39;São Paulo;Floriana Peixoto;SmartTV OLED 4k TCL;Nancy Starks;feminino;boleto
2025-08-28 16:36:34.982822;40;São Paulo;Maurício Peçanha;Geladeira Eletrolux;Sheena Brown;feminino;cartão de crédito
2025-08-28 19:47:33.773307;41;Recife;Carlos Silva;SmartTV OLED 4k TCL;Julie Kulick;feminino;boleto
2025-08-28 19:55:33.033960;42;Recife;Carlos Silva;Smartphone Samsung Galaxy;Matthew Crespino;masculino;dinheiro
2025-08-29 10:11:35.943032;43;Fortaleza;Ana Oliveira;Smartphone Samsung Galaxy;Anna Horning;feminino;dinheiro
2025-08-29 11:35:33.128876;44;Fortaleza;Matheus Pereira;SmartTV OLED 4k TCL;Robert Sanchez;masculino;pix
2025-08-29 12:44:33.225379;45;Recife;Carlos Silva;SmartTV OLED 4k TCL;Stephen Rodriguez;masculino;cartão de crédito
2025-08-29 14:17:34.145796;46;Fortaleza;Ana Oliveira;Smartphone Samsung Galaxy;Vivian Garcia;feminino;dinheiro
2025-08-30 13:42:32.542103;47;Fortaleza;Matheus Pereira;Smartphone Samsung Galaxy;Ruth Dudley;feminino;cartão de crédito
2025-08-30 17:57:34.268346;48;Recife;Carlos Silva;Geladeira Eletrolux;Roxann Rex;feminino;cartão de crédito
2025-08-30 18:36:33.920540;49;Fortaleza;Matheus Pereira;Geladeira Eletrolux;Carl Hess;masculino;boleto
2025-08-31 11:06:32.312039;50;Fortaleza;Matheus Pereira;PlayStation 5;Matthew Steele;masculino;pix
2025-08-31 12:02:33.668888;51;Natal;Clara Neves;PlayStation 5;Sara Davis;feminino;cartão de crédito
2025-08-31 12:54:33.330023;52;São Paulo;Maurício Peçanha;SmartTV OLED 4k TCL;Kenneth Shipp;masculino;cartão de crédito
2025-08-31 15:50:36.358008;53;Natal;João Pedro;PlayStation 5;Tara James;feminino;cartão de crédito
2025-08-31 17:48:35.842613;54;Natal;Clara Neves;SmartTV OLED 4k TCL;Marilyn Garcia;feminino;boleto
2025-09-01 12:57:32.528237;55;Salvador;Carla Montenegro;Geladeira Eletrolux;Carlos Cummings;masculino;pix
2025-09-01 13:55:33.294434;56;Salvador;Francisco José;PlayStation 5;Sabrina Lewis;feminino;pix
2025-09-01 14:14:33.443871;57;Recife;Fernanda Costa;Smartphone Samsung Galaxy;Cameron Averitte;masculino;dinheiro
2025-09-01 17:03:33.103876;58;Fortaleza;Ana Oliveira;SmartTV OLED 4k TCL;April Nichols;feminino;boleto
2025-09-01 18:40:33.913714;59;Salvador;Carla Montenegro;Smartwatch QCY;Richard Edwards;masculino;dinheiro
2025-09-02 14:34:33.825035;60;Recife;Fernanda Costa;Smartwatch QCY;Kristopher Bishop;masculino;dinheiro
2025-09-02 14:41:34.693938;61;São Paulo;Maurício Peçanha;PlayStation 5;Gary Nelson;masculino;pix
2025-09-02 19:51:32.311899;62;Natal;Clara Neves;Smartwatch QCY;Janet Douglas;feminino;pix
2025-09-02 19:52:34.148745;63;São Paulo;Maurício Peçanha;Geladeira Eletrolux;Keith Barnes;masculino;cartão de crédito
2025-09-03 11:20:36.209183;64;Fortaleza;Ana Oliveira;SmartTV OLED 4k TCL;Shirley Marquez;feminino;cartão de crédito
2025-09-03 14:11:35.516491;65;Fortaleza;Ana Oliveira;PlayStation 5;Norman Shepard;masculino;pix
2025-09-03 14:36:35.370889;66;Recife;Carlos Silva;Smartphone Samsung Galaxy;Brent Little;masculino;boleto
2025-09-03 18:36:36.159156;67;Natal;Clara Neves;Smartwatch QCY;Earl Welch;masculino;pix
2025-09-03 19:43:36.524039;68;Fortaleza;Matheus Pereira;Smartphone Samsung Galaxy;Thomas Smith;masculino;cartão de crédito
2025-09-03 20:43:33.962984;69;Natal;João Pedro;Geladeira Eletrolux;John Jernigan;masculino;boleto
2025-09-04 14:45:34.429047;70;Recife;Carlos Silva;SmartTV OLED 4k TCL;Dustin Gonzalez;masculino;cartão de crédito
2025-09-04 17:42:35.282139;71;Fortaleza;Ana Oliveira;Smartphone Samsung Galaxy;Ida Hanley;feminino;cartão de crédito
2025-09-04 18:36:33.894296;72;Fortaleza;Matheus Pereira;Smartphone Samsung Galaxy;Lloyd Dickie;masculino;cartão de crédito
2025-09-05 09:43:34.671154;73;Fortaleza;Matheus Pereira;Smartwatch QCY;Thomasina Shinn;feminino;dinheiro
2025-09-05 13:30:33.864274;74;Natal;João Pedro;Smartwatch QCY;Joe Perez;masculino;cartão de crédito
2025-09-05 14:12:36.209558;75;São Paulo;Floriana Peixoto;SmartTV OLED 4k TCL;Bridget Herr;feminino;dinheiro
2025-09-05 14:51:34.099079;76;Recife;Fernanda Costa;Smartwatch QCY;John Troendle;masculino;pix
2025-09-05 15:49:35.065429;77;Salvador;Francisco José;Smartwatch QCY;Lynette Matthews;feminino;boleto
2025-09-05 16:39:35.166236;78;Fortaleza;Ana Oliveira;Smartwatch QCY;Regina Thornbury;feminino;pix
2025-09-06 10:37:34.192807;79;São Paulo;Maurício Peçanha;Geladeira Eletrolux;Van Grundhoefer;masculino;cartão de crédito
2025-09-06 14:43:35.905624;80;Recife;Carlos Silva;Smartphone Samsung Galaxy;Christopher Rodriguez;masculino;dinheiro
2025-09-06 15:42:33.936505;81;Salvador;Carla Montenegro;SmartTV OLED 4k TCL;Mary Clark;feminino;dinheiro
2025-09-06 19:34:36.512219;82;São Paulo;Floriana Peixoto;PlayStation 5;Richard Antrikin;masculino;dinheiro
2025-09-07 11:07:36.288685;83;Recife;Fernanda Costa;Smartwatch QCY;Lena Hisaw;feminino;cartão de crédito
2025-09-07 11:51:35.568935;84;São Paulo;Maurício Peçanha;Smartwatch QCY;William Ewell;masculino;boleto
2025-09-07 15:43:36.496122;85;São Paulo;Floriana Peixoto;PlayStation 5;Veronica Vandam;feminino;dinheiro
2025-09-07 17:36:34.694392;86;Fortaleza;Ana Oliveira;Smartphone Samsung Galaxy;Aisha Dabney;feminino;boleto
2025-09-07 19:53:35.313404;87;Fortaleza;Matheus Pereira;Smartphone Samsung Galaxy;Kathy Doughty;feminino;dinheiro
2025-09-08 09:59:35.583645;88;Natal;João Pedro;PlayStation 5;Beverly Redden;feminino;pix
2025-09-08 13:13:34.746581;89;Salvador;Francisco José;SmartTV OLED 4k TCL;Deborah Farmer;feminino;boleto
2025-09-08 15:17:36.022383;90;São Paulo;Floriana Peixoto;SmartTV OLED 4k TCL;Walter Light;masculino;pix
2025-09-08 15:41:34.563590;91;Recife;Carlos Silva;Geladeira Eletrolux;Lara Morber;feminino;pix
2025-09-08 18:04:32.927621;92;Salvador;Francisco José;PlayStation 5;Jennifer Hay;feminino;cartão de crédito
2025-09-08 19:29:36.494674;93;São Paulo;Floriana Peixoto;Smartphone Samsung Galaxy;Trina Bevins;feminino;boleto
2025-09-09 11:41:34.690123;94;Recife;Fernanda Costa;Smartphone Samsung Galaxy;George Andrews;masculino;boleto
2025-09-09 12:28:35.839150;95;Fortaleza;Ana Oliveira;PlayStation 5;Betty Anderson;feminino;cartão de crédito
2025-09-09 13:33:36.305705;96;Fortaleza;Matheus Pereira;Smartphone Samsung Galaxy;Frank Ensing;masculino;cartão de crédito
2025-09-09 13:55:35.516794;97;Salvador;Carla Montenegro;Smartphone Samsung Galaxy;Janie Edwards;feminino;cartão de crédito
2025-09-09 16:02:35.247189;98;Fortaleza;Matheus Pereira;Smartphone Samsung Galaxy;Sharon Glaze;feminino;dinheiro
2025-09-09 17:18:36.317973;99;Salvador;Francisco José;SmartTV OLED 4k TCL;Alonzo Robison;masculino;boleto
2025-09-09 17:32:32.918051;100;Recife;Carlos Silva;Geladeira Eletrolux;James Sanders;masculino;cartão de crédito
2025-09-09 18:03:34.470355;101;São Paulo;Maurício Peçanha;SmartTV OLED 4k TCL;Thomas Riera;masculino;pix
2025-09-09 18:05:36.511016;102;Salvador;Carla Montenegro;Geladeira Eletrolux;James Silva;masculino;cartão de crédito
2025-09-09 18:23:33.677159;103;Natal;João Pedro;Smartphone Samsung Galaxy;Jesse Shroyer;masculino;dinheiro
2025-09-10 10:35:34.357062;104;Salvador;Francisco José;SmartTV OLED 4k TCL;Benjamin Mills;masculino;boleto
2025-09-10 14:36:34.825408;105;Salvador;Carla Montenegro;SmartTV OLED 4k TCL;Carolyn Fitzgerald;feminino;dinheiro
2025-09-10 18:50:33.440154;106;Fortaleza;Matheus Pereira;Smartwatch QCY;Ginny Getchell;feminino;cartão de crédito
2025-09-11 11:34:32.289669;107;São Paulo;Floriana Peixoto;Geladeira Eletrolux;Scott Kirn;masculino;boleto
2025-09-11 14:50:33.915059;108;Natal;Clara Neves;PlayStation 5;Helen Kennedy;feminino;pix
2025-09-11 17:22:35.718882;109;Natal;Clara Neves;Geladeira Eletrolux;Sam Wood;masculino;pix
2025-09-11 19:53:32.658369;110;Natal;Clara Neves;Geladeira Eletrolux;Gladys Mcgroarty;feminino;pix
2025-09-12 11:53:32.205693;111;Fortaleza;Matheus Pereira;Smartwatch QCY;Valerie Demott;feminino;boleto
2025-09-12 11:56:32.543660;112;Fortaleza;Ana Oliveira;Smartphone Samsung Galaxy;Kathleen Garza;feminino;dinheiro
2025-09-12 13:08:34.340357;113;Natal;João Pedro;Smartwatch QCY;Dorothea Bergmark;feminino;cartão de crédito
2025-09-12 16:46:35.675619;114;São Paulo;Floriana Peixoto;Geladeira Eletrolux;Iva Pollock;feminino;cartão de crédito
2025-09-12 17:00:34.174721;115;São Paulo;Floriana Peixoto;Geladeira Eletrolux;Charles Vollmer;masculino;dinheiro
2025-09-13 10:03:35.805713;116;Natal;João Pedro;PlayStation 5;Marjorie Adams;feminino;dinheiro
2025-09-13 10:06:35.015386;117;Fortaleza;Matheus Pereira;Smartwatch QCY;Helen Pettaway;feminino;cartão de crédito
2025-09-13 14:37:32.673423;118;Fortaleza;Ana Oliveira;SmartTV OLED 4k TCL;Sharon Mccatty;feminino;boleto
2025-09-13 14:37:33.427402;119;Salvador;Carla Montenegro;Geladeira Eletrolux;Derek Roberts;masculino;pix
2025-09-13 18:26:35.608384;120;São Paulo;Floriana Peixoto;SmartTV OLED 4k TCL;Sherry Lutwin;feminino;boleto
2025-09-13 19:17:32.657713;121;São Paulo;Floriana Peixoto;Smartwatch QCY;Logan Carlson;masculino;pix
2025-09-13 19:54:36.524761;122;Salvador;Carla Montenegro;Smartwatch QCY;Billy Marsalis;masculino;pix
2025-09-13 20:05:32.298394;123;Natal;João Pedro;Smartphone Samsung Galaxy;Antonio Hart;masculino;cartão de crédito
2025-09-13 20:14:36.420687;124;Natal;Clara Neves;Smartwatch QCY;Jesus Fontanella;masculino;boleto
2025-09-14 10:43:34.303434;125;Fortaleza;Matheus Pereira;Smartphone Samsung Galaxy;Christina Solomon;feminino;dinheiro
2025-09-14 14:08:33.349458;126;Fortaleza;Ana Oliveira;SmartTV OLED 4k TCL;Robert Matthews;masculino;cartão de crédito
2025-09-14 15:32:33.221610;127;São Paulo;Floriana Peixoto;Geladeira Eletrolux;Gayle Hiatt;masculino;dinheiro
2025-09-14 17:03:35.641759;128;Natal;Clara Neves;PlayStation 5;Pamela Marquez;feminino;pix
2025-09-14 17:34:36.225042;129;São Paulo;Maurício Peçanha;Smartphone Samsung Galaxy;Richard Nelson;masculino;dinheiro
2025-09-14 18:18:33.321512;130;São Paulo;Maurício Peçanha;SmartTV OLED 4k TCL;John Squires;masculino;cartão de crédito
2025-09-15 11:23:36.505069;131;Recife;Carlos Silva;SmartTV OLED 4k TCL;Kasey Days;feminino;boleto
2025-09-15 16:09:32.458862;132;São Paulo;Maurício Peçanha;Smartphone Samsung Galaxy;Larry Zeitler;masculino;cartão de crédito
2025-09-15 19:15:33.103141;133;São Paulo;Maurício Peçanha;Smartwatch QCY;Alexis Pratt;masculino;boleto
2025-09-15 20:26:34.357254;134;Natal;João Pedro;Smartwatch QCY;Marvin Lewis;masculino;boleto
2025-09-16 16:36:35.945753;135;São Paulo;Maurício Peçanha;SmartTV OLED 4k TCL;Felix Wada;masculino;boleto
2025-09-16 17:09:35.551267;136;Natal;João Pedro;PlayStation 5;Emily Rainey;feminino;boleto
2025-09-17 12:11:32.526555;137;São Paulo;Maurício Peçanha;Smartphone Samsung Galaxy;Britt Estes;feminino;pix
2025-09-17 13:03:33.357999;138;Recife;Carlos Silva;PlayStation 5;Linda Clark;feminino;pix
2025-09-17 13:05:36.380303;139;Fortaleza;Ana Oliveira;Smartphone Samsung Galaxy;Kimberly Rosario;feminino;cartão de crédito
2025-09-17 13:29:32.623897;140;Fortaleza;Ana Oliveira;PlayStation 5;Larry Freeman;masculino;pix
2025-09-17 15:53:34.581154;141;Salvador;Carla Montenegro;PlayStation 5;Shawn Blum;masculino;cartão de crédito
2025-09-18 09:54:35.149804;142;Recife;Fernanda Costa;SmartTV OLED 4k TCL;Willard Knapp;masculino;pix
2025-09-18 10:44:32.985632;143;Fortaleza;Ana Oliveira;PlayStation 5;Gregory Mclean;masculino;pix
2025-09-18 11:29:33.296595;144;Natal;João Pedro;Smartphone Samsung Galaxy;Angeline Hester;feminino;boleto
2025-09-18 12:03:33.066052;145;Natal;Clara Neves;Smartphone Samsung Galaxy;Gary Winter;masculino;pix
2025-09-18 12:31:36.302779;146;Salvador;Carla Montenegro;PlayStation 5;Stephen Goin;masculino;boleto
2025-09-18 16:05:34.040975;147;São Paulo;Maurício Peçanha;SmartTV OLED 4k TCL;William Boyer;masculino;dinheiro
2025-09-18 17:39:33.644422;148;São Paulo;Floriana Peixoto;PlayStation 5;Jeffrey Haynes;masculino;dinheiro
2025-09-18 17:47:34.097545;149;Recife;Carlos Silva;Smartphone Samsung Galaxy;Natalie Langham;feminino;cartão de crédito
2025-09-18 18:12:34.779567;150;Fortaleza;Ana Oliveira;PlayStation 5;Frederick Bolivar;masculino;cartão de crédito
2025-09-18 20:42:33.066419;151;Fortaleza;Matheus Pereira;PlayStation 5;Lindsay Jeans;feminino;dinheiro
2025-09-20 11:22:32.312186;152;Salvador;Francisco José;SmartTV OLED 4k TCL;Sherrie Densmore;feminino;pix
2025-09-20 15:25:36.189542;153;Salvador;Carla Montenegro;PlayStation 5;Jennifer Kirkpatrick;feminino;dinheiro
2025-09-20 15:52:33.569833;154;Recife;Fernanda Costa;Smartphone Samsung Galaxy;Irving Cox;masculino;cartão de crédito
2025-09-20 19:51:34.992590;155;Salvador;Carla Montenegro;Smartwatch QCY;James Estrada;masculino;dinheiro
2025-09-21 15:00:34.127809;156;Salvador;Francisco José;Smartphone Samsung Galaxy;Stephen Bowles;masculino;pix
2025-09-21 19:35:32.918161;157;Natal;João Pedro;Smartphone Samsung Galaxy;Jerome Hodge;masculino;pix
2025-09-22 10:06:35.352857;158;São Paulo;Floriana Peixoto;Smartphone Samsung Galaxy;Jimmy Albert;masculino;cartão de crédito
2025-09-22 10:33:33.652454;159;Natal;João Pedro;Smartwatch QCY;Nancy Archie;feminino;cartão de crédito
2025-09-22 10:59:33.350895;160;Salvador;Francisco José;SmartTV OLED 4k TCL;Jessica Richard;feminino;dinheiro
2025-09-22 12:05:36.414726;161;Salvador;Francisco José;SmartTV OLED 4k TCL;Zola Hurst;feminino;dinheiro
2025-09-22 14:51:33.104026;162;Salvador;Carla Montenegro;PlayStation 5;Mary Nine;feminino;cartão de crédito
2025-09-22 15:35:36.473850;163;Fortaleza;Ana Oliveira;Smartphone Samsung Galaxy;Gregory Hurd;masculino;dinheiro
2025-09-22 16:00:33.745721;164;São Paulo;Maurício Peçanha;Smartphone Samsung Galaxy;Chris Waligora;feminino;boleto
2025-09-22 16:43:32.335206;165;Salvador;Carla Montenegro;Geladeira Eletrolux;Susan Kerns;feminino;cartão de crédito
2025-09-22 16:46:35.857790;166;São Paulo;Maurício Peçanha;Smartwatch QCY;Jean Hale;feminino;cartão de crédito
2025-09-22 19:24:35.843282;167;Natal;João Pedro;PlayStation 5;Pasquale Jackson;masculino;cartão de crédito
2025-09-23 13:18:32.997445;168;São Paulo;Floriana Peixoto;Smartphone Samsung Galaxy;Crystal Vasquez;feminino;boleto
2025-09-23 14:21:33.284968;169;Salvador;Francisco José;Smartphone Samsung Galaxy;Josephine Allen;feminino;cartão de crédito
2025-09-23 14:31:32.457369;170;Fortaleza;Ana Oliveira;PlayStation 5;Tiffany Allen;feminino;boleto
2025-09-23 15:10:35.951390;171;Natal;João Pedro;PlayStation 5;Harris Baptiste;masculino;dinheiro
2025-09-23 17:20:35.832351;172;São Paulo;Maurício Peçanha;SmartTV OLED 4k TCL;Nancy Jackson;feminino;pix
2025-09-24 13:35:34.922271;173;Fortaleza;Matheus Pereira;Smartwatch QCY;William Mitchell;masculino;pix
2025-09-24 14:30:33.891237;174;Natal;Clara Neves;SmartTV OLED 4k TCL;Victoria Jones;feminino;dinheiro
2025-09-24 17:39:34.994962;175;São Paulo;Floriana Peixoto;Smartphone Samsung Galaxy;Nikki Bryant;feminino;dinheiro
2025-09-24 18:41:35.010089;176;Salvador;Carla Montenegro;Smartphone Samsung Galaxy;Edith Mccall;feminino;dinheiro
2025-09-24 19:38:34.606966;177;São Paulo;Maurício Peçanha;Smartphone Samsung Galaxy;Judy Alvarado;feminino;boleto
2025-09-25 10:55:32.914460;178;Fortaleza;Ana Oliveira;PlayStation 5;John Regnier;masculino;cartão de crédito
2025-09-25 12:21:33.921968;179;São Paulo;Floriana Peixoto;Smartphone Samsung Galaxy;Shirley Robbins;feminino;pix
2025-09-25 13:54:33.617748;180;Natal;Clara Neves;Geladeira Eletrolux;Jerry Loomis;masculino;pix
2025-09-25 15:36:35.175505;181;Natal;João Pedro;Geladeira Eletrolux;George Smith;masculino;dinheiro
2025-09-25 19:38:34.630300;182;Fortaleza;Matheus Pereira;SmartTV OLED 4k TCL;Jesus Richie;masculino;pix
2025-09-25 20:24:35.201870;183;São Paulo;Floriana Peixoto;PlayStation 5;Gloria Rocha;feminino;cartão de crédito
2025-09-25 20:37:32.951601;184;Fortaleza;Matheus Pereira;Smartphone Samsung Galaxy;Gloria Smith;feminino;cartão de crédito
2025-09-26 09:53:32.316896;185;São Paulo;Maurício Peçanha;SmartTV OLED 4k TCL;Billie Howard;feminino;boleto
2025-09-26 10:34:36.210898;186;Recife;Carlos Silva;Geladeira Eletrolux;Paul Castillo;masculino;pix
2025-09-26 11:51:33.437660;187;Recife;Carlos Silva;SmartTV OLED 4k TCL;Rebecca Walker;feminino;dinheiro
2025-09-26 12:47:32.691036;188;Salvador;Carla Montenegro;Smartphone Samsung Galaxy;Kristie Lyons;feminino;pix
2025-09-26 13:12:34.773264;189;Recife;Fernanda Costa;Geladeira Eletrolux;Daniel Turner;masculino;dinheiro
2025-09-26 14:15:36.224732;190;Salvador;Francisco José;Smartwatch QCY;Erwin Ortega;masculino;dinheiro
2025-09-26 15:57:33.824818;191;São Paulo;Floriana Peixoto;PlayStation 5;Adam Huffman;masculino;boleto
2025-09-26 19:38:34.312368;192;São Paulo;Maurício Peçanha;PlayStation 5;Gilbert Gruwell;masculino;cartão de crédito
2025-09-27 11:59:35.176162;193;Fortaleza;Matheus Pereira;Geladeira Eletrolux;Chester Beale;masculino;pix
2025-09-27 13:18:34.797081;194;Recife;Carlos Silva;Smartphone Samsung Galaxy;Alan Mack;masculino;boleto
2025-09-27 14:20:36.083192;195;Recife;Carlos Silva;Smartwatch QCY;Kevin Espinoza;masculino;pix
2025-09-27 14:28:35.022388;196;Recife;Carlos Silva;Smartphone Samsung Galaxy;Darcie Harrell;feminino;cartão de crédito
2025-09-27 17:36:35.312066;197;Fortaleza;Ana Oliveira;Smartwatch QCY;Mary Sadler;feminino;dinheiro
2025-09-27 19:08:34.689889;198;Recife;Carlos Silva;SmartTV OLED 4k TCL;Robert Norman;masculino;boleto
2025-09-27 19:25:35.023944;199;São Paulo;Maurício Peçanha;PlayStation 5;Tara Smith;feminino;boleto
2025-09-27 20:01:33.290098;200;Salvador;Francisco José;SmartTV OLED 4k TCL;Joy Delaune;feminino;cartão de crédito
2025-09-27 20:04:34.188186;201;Recife;Fernanda Costa;Smartwatch QCY;Scott Creger;masculino;cartão de crédito
2025-09-28 09:46:34.112187;202;Salvador;Francisco José;Geladeira Eletrolux;Tyree Gullo;masculino;pix
2025-09-28 19:32:33.216192;203;Recife;Carlos Silva;PlayStation 5;Meghan Mcclain;feminino;cartão de crédito
2025-09-28 20:42:33.211619;204;Recife;Fernanda Costa;Smartphone Samsung Galaxy;Vernon Lemire;masculino;pix
2025-09-29 11:58:35.336440;205;Salvador;Carla Montenegro;Geladeira Eletrolux;Jack Stearns;masculino;boleto
2025-09-29 14:12:34.243193;206;Fortaleza;Matheus Pereira;PlayStation 5;Michael Mason;masculino;dinheiro
2025-09-29 14:22:35.333366;207;Natal;João Pedro;SmartTV OLED 4k TCL;Christine Rooney;feminino;cartão de crédito
2025-09-29 14:57:33.722075;208;São Paulo;Floriana Peixoto;Smartphone Samsung Galaxy;Melisa Scott;feminino;boleto
2025-09-29 16:27:33.628822;209;Salvador;Francisco José;SmartTV OLED 4k TCL;James Lamarre;masculino;cartão de crédito
2025-09-29 18:03:32.287647;210;São Paulo;Floriana Peixoto;Smartphone Samsung Galaxy;Janice Mayer;feminino;cartão de crédito
2025-09-29 18:13:33.353819;211;Fortaleza;Matheus Pereira;Smartwatch QCY;Joseph Digirolamo;masculino;dinheiro
2025-09-30 10:18:32.311413;212;Salvador;Francisco José;Smartphone Samsung Galaxy;Arthur Mayes;masculino;cartão de crédito
2025-09-30 11:22:34.235852;213;Recife;Carlos Silva;PlayStation 5;Marylin Ortiz;feminino;pix
2025-09-30 11:25:32.302661;214;Natal;Clara Neves;PlayStation 5;Mildred Mertens;feminino;cartão de crédito
2025-09-30 13:43:36.275307;215;Recife;Carlos Silva;PlayStation 5;June Stumpff;feminino;dinheiro
2025-09-30 15:00:34.319504;216;Salvador;Francisco José;Smartphone Samsung Galaxy;Kirk Tyler;masculino;boleto
2025-09-30 17:04:32.836458;217;Recife;Carlos Silva;SmartTV OLED 4k TCL;Howard Granger;masculino;pix
2025-09-30 17:09:33.508861;218;Natal;João Pedro;Smartphone Samsung Galaxy;Susan Scheetz;feminino;boleto
2025-09-30 20:14:35.186344;219;São Paulo;Floriana Peixoto;Smartwatch QCY;John Chappel;masculino;cartão de crédito
2025-10-01 09:54:32.669522;220;Fortaleza;Matheus Pereira;PlayStation 5;David Beggs;masculino;cartão de crédito
2025-10-01 11:04:34.126442;221;Recife;Carlos Silva;SmartTV OLED 4k TCL;Michelle Valenzuela;feminino;boleto
2025-10-01 11:47:36.536884;222;Fortaleza;Matheus Pereira;Smartwatch QCY;James Aldrege;masculino;pix
2025-10-01 13:11:32.456205;223;Fortaleza;Ana Oliveira;SmartTV OLED 4k TCL;Richard Green;masculino;dinheiro
2025-10-01 17:12:32.907144;224;Salvador;Francisco José;PlayStation 5;Manuel Washington;masculino;dinheiro
2025-10-02 11:53:35.370015;225;Natal;João Pedro;Geladeira Eletrolux;Adolfo Brinson;masculino;pix
2025-10-02 18:18:34.987487;226;Fortaleza;Matheus Pereira;Geladeira Eletrolux;Darryl Ferguson;masculino;boleto
2025-10-03 12:35:35.848760;227;Fortaleza;Ana Oliveira;Smartwatch QCY;Charles Young;masculino;dinheiro
2025-10-03 12:51:35.376711;228;Salvador;Carla Montenegro;Smartwatch QCY;Dana Chauvin;feminino;boleto
2025-10-03 14:20:36.332795;229;Fortaleza;Matheus Pereira;SmartTV OLED 4k TCL;Stephen Nozum;masculino;pix
2025-10-03 17:24:35.378743;230;Salvador;Francisco José;PlayStation 5;Nelda Wright;feminino;cartão de crédito
2025-10-03 18:33:35.551761;231;Natal;João Pedro;Smartphone Samsung Galaxy;Dale Vanduzer;masculino;pix
2025-10-03 19:13:32.654455;232;Fortaleza;Matheus Pereira;Smartphone Samsung Galaxy;Billie Lundin;feminino;boleto
2025-10-04 10:24:33.605042;233;São Paulo;Floriana Peixoto;Geladeira Eletrolux;James Zorns;masculino;pix
2025-10-04 12:39:33.721487;234;Recife;Fernanda Costa;Smartphone Samsung Galaxy;Christopher Leblanc;masculino;dinheiro
2025-10-05 09:57:35.207022;235;Recife;Carlos Silva;PlayStation 5;April Blasingame;feminino;pix
2025-10-05 11:31:34.032132;236;São Paulo;Floriana Peixoto;Smartphone Samsung Galaxy;Audrey Weible;feminino;pix
2025-10-05 11:44:33.267101;237;São Paulo;Floriana Peixoto;SmartTV OLED 4k TCL;Brad Jordan;masculino;cartão de crédito
2025-10-05 12:14:35.832271;238;Recife;Carlos Silva;Smartwatch QCY;Edward Roberts;masculino;cartão de crédito
2025-10-05 16:13:34.882055;239;Salvador;Francisco José;SmartTV OLED 4k TCL;Lula Walker;feminino;dinheiro
2025-10-05 16:49:34.800459;240;Natal;João Pedro;SmartTV OLED 4k TCL;James Collier;masculino;pix
2025-10-05 16:51:33.372813;241;Natal;Clara Neves;Smartwatch QCY;Becky Ware;feminino;cartão de crédito
2025-10-06 13:18:35.416330;242;São Paulo;Floriana Peixoto;Smartwatch QCY;Ronald Alamilla;masculino;cartão de crédito
2025-10-06 15:04:32.906500;243;São Paulo;Floriana Peixoto;Smartwatch QCY;Sandra Abraham;feminino;pix
2025-10-06 16:06:34.451048;244;Fortaleza;Ana Oliveira;Geladeira Eletrolux;Candi King;feminino;boleto
2025-10-06 18:42:34.043061;245;São Paulo;Maurício Peçanha;PlayStation 5;Ryan Wheeler;masculino;boleto
2025-10-06 20:18:33.957976;246;Fortaleza;Ana Oliveira;Smartwatch QCY;Billy Estevez;masculino;boleto
2025-10-07 10:21:32.457730;247;São Paulo;Maurício Peçanha;SmartTV OLED 4k TCL;Luba Williams;feminino;dinheiro
2025-10-07 12:42:35.492114;248;Natal;João Pedro;Smartphone Samsung Galaxy;Elizabeth Howard;feminino;dinheiro
2025-10-07 18:17:36.296289;249;Natal;Clara Neves;SmartTV OLED 4k TCL;Tyree Parker;masculino;boleto
2025-10-07 18:56:34.427837;250;Recife;Carlos Silva;Smartwatch QCY;Catherine Mata;feminino;cartão de crédito
2025-10-07 19:31:33.743624;251;Fortaleza;Ana Oliveira;Smartwatch QCY;Anthony Sayers;masculino;dinheiro
2025-10-08 11:18:33.222677;252;Salvador;Carla Montenegro;SmartTV OLED 4k TCL;Leonard Lauzon;masculino;dinheiro
2025-10-08 12:11:33.505955;253;São Paulo;Maurício Peçanha;Geladeira Eletrolux;Lyle Lara;masculino;cartão de crédito
2025-10-08 18:28:35.830770;254;Recife;Carlos Silva;Smartphone Samsung Galaxy;John Warner;masculino;dinheiro
2025-10-08 18:57:35.333974;255;Fortaleza;Ana Oliveira;PlayStation 5;Anthony Bragg;masculino;cartão de crédito
2025-10-09 10:26:34.900543;256;São Paulo;Floriana Peixoto;PlayStation 5;Justin Thompson;masculino;dinheiro
2025-10-09 11:01:35.014623;257;Salvador;Carla Montenegro;PlayStation 5;Deanne Gibson;feminino;cartão de crédito
2025-10-09 17:28:36.149865;258;Salvador;Carla Montenegro;PlayStation 5;Ayanna Benedetto;feminino;cartão de crédito
2025-10-09 18:16:33.762351;259;Recife;Carlos Silva;SmartTV OLED 4k TCL;Ronald Free;masculino;cartão de crédito
2025-10-10 11:29:36.224386;260;São Paulo;Floriana Peixoto;Geladeira Eletrolux;Adam Wang;masculino;pix
2025-10-10 12:05:33.285366;261;Recife;Fernanda Costa;Smartwatch QCY;Benjamin Ploof;masculino;pix
2025-10-10 14:10:35.639624;262;Natal;João Pedro;PlayStation 5;Alvin Tsang;masculino;boleto
2025-10-10 16:54:34.045624;263;Recife;Carlos Silva;PlayStation 5;Kathleen Winston;feminino;boleto
2025-10-10 19:58:35.478467;264;Natal;Clara Neves;SmartTV OLED 4k TCL;Stephanie Salas;feminino;dinheiro
2025-10-10 20:02:33.558905;265;São Paulo;Floriana Peixoto;PlayStation 5;Harold Gibson;masculino;cartão de crédito
2025-10-11 09:58:32.958923;266;Recife;Fernanda Costa;Smartphone Samsung Galaxy;James Schenk;masculino;dinheiro
2025-10-11 11:30:36.253798;267;São Paulo;Maurício Peçanha;SmartTV OLED 4k TCL;Kimberly Banks;feminino;pix
2025-10-11 14:18:34.533377;268;Natal;Clara Neves;Smartwatch QCY;Annette Herring;feminino;cartão de crédito
2025-10-11 14:40:33.130296;269;Salvador;Francisco José;Geladeira Eletrolux;Gretchen Vick;feminino;pix
2025-10-11 16:25:34.304860;270;São Paulo;Maurício Peçanha;SmartTV OLED 4k TCL;Charlotte Denn;feminino;pix
2025-10-12 11:09:36.414544;271;São Paulo;Floriana Peixoto;Smartwatch QCY;Forrest Thomas;masculino;dinheiro
2025-10-12 13:28:35.066963;272;Salvador;Francisco José;Smartwatch QCY;Donna James;feminino;boleto
2025-10-12 18:41:34.087729;273;Fortaleza;Ana Oliveira;Smartphone Samsung Galaxy;Corinna Reyes;feminino;cartão de crédito
2025-10-12 18:46:36.395911;274;Fortaleza;Ana Oliveira;Geladeira Eletrolux;Olga Maymon;feminino;dinheiro
2025-10-13 10:37:35.469755;275;Fortaleza;Matheus Pereira;Geladeira Eletrolux;Joan Borrell;feminino;cartão de crédito
2025-10-13 11:21:32.836982;276;Salvador;Carla Montenegro;SmartTV OLED 4k TCL;Albert Badanguio;masculino;boleto
2025-10-13 11:54:34.900631;277;Natal;Clara Neves;Smartphone Samsung Galaxy;Darlene Rehlander;feminino;pix
2025-10-13 13:56:34.042434;278;Salvador;Francisco José;Smartphone Samsung Galaxy;Tommie Roman;feminino;pix
2025-10-13 15:30:34.869956;279;Fortaleza;Ana Oliveira;SmartTV OLED 4k TCL;William Forson;masculino;pix
2025-10-13 16:03:34.580745;280;Natal;Clara Neves;SmartTV OLED 4k TCL;Mark Knight;masculino;dinheiro
2025-10-13 16:32:33.065830;281;Natal;Clara Neves;Smartwatch QCY;Linda Larsen;feminino;cartão de crédito
2025-10-13 19:10:34.526635;282;Salvador;Carla Montenegro;Smartwatch QCY;Sandra Parent;feminino;cartão de crédito
2025-10-13 19:59:36.211118;283;Natal;Clara Neves;Geladeira Eletrolux;David Sears;masculino;boleto
2025-10-14 10:04:35.876226;284;Salvador;Carla Montenegro;PlayStation 5;James Harris;masculino;boleto
2025-10-14 12:36:34.361375;285;Natal;Clara Neves;SmartTV OLED 4k TCL;David Westerheide;masculino;pix
2025-10-14 13:33:32.528422;286;São Paulo;Maurício Peçanha;Geladeira Eletrolux;Daniel Siddoway;masculino;boleto
2025-10-14 13:35:33.220256;287;São Paulo;Floriana Peixoto;Smartphone Samsung Galaxy;Marcia Maier;feminino;pix
2025-10-14 17:03:34.238959;288;Fortaleza;Matheus Pereira;PlayStation 5;Eric Gamble;masculino;pix
2025-10-14 17:36:34.066442;289;Fortaleza;Ana Oliveira;PlayStation 5;James Frost;masculino;pix
2025-10-15 11:05:32.688512;290;Fortaleza;Ana Oliveira;Smartwatch QCY;Ryan Chan;masculino;boleto
2025-10-15 11:19:33.358206;291;Salvador;Francisco José;PlayStation 5;Freda Gill;feminino;dinheiro
2025-10-15 14:25:34.303703;292;Natal;Clara Neves;Geladeira Eletrolux;Darcy Upshaw;feminino;dinheiro
2025-10-15 15:27:33.430676;293;Salvador;Francisco José;PlayStation 5;Wallace Palmer;masculino;dinheiro
2025-10-15 19:43:34.248840;294;São Paulo;Floriana Peixoto;SmartTV OLED 4k TCL;Isabell Kiefer;feminino;pix
2025-10-16 13:53:35.310368;295;Recife;Fernanda Costa;PlayStation 5;Dorene Phelps;feminino;dinheiro
2025-10-16 14:04:33.225470;296;São Paulo;Maurício Peçanha;PlayStation 5;Amber Kelly;feminino;dinheiro
2025-10-16 14:47:33.065392;297;Fortaleza;Ana Oliveira;Geladeira Eletrolux;Denise Gomez;feminino;dinheiro
2025-10-16 15:16:32.721465;298;Salvador;Carla Montenegro;Smartwatch QCY;Brett Smith;masculino;boleto
2025-10-16 15:52:32.285514;299;Salvador;Francisco José;Smartwatch QCY;Floyd Brown;masculino;dinheiro
2025-10-16 17:08:33.679934;300;Natal;João Pedro;Smartphone Samsung Galaxy;Evan Leishman;masculino;boleto
2025-10-16 17:26:34.524672;301;São Paulo;Floriana Peixoto;PlayStation 5;Mary Klatt;feminino;boleto
2025-10-16 20:16:36.048623;302;Fortaleza;Ana Oliveira;PlayStation 5;Brandy Seed;feminino;boleto
2025-10-17 13:30:33.216522;303;Salvador;Francisco José;PlayStation 5;Zora Brown;feminino;pix
2025-10-17 14:05:33.158184;304;Salvador;Carla Montenegro;Smartphone Samsung Galaxy;James Reyes;masculino;pix
2025-10-17 19:55:34.607147;305;São Paulo;Maurício Peçanha;Smartwatch QCY;Javier Ledwig;masculino;dinheiro
2025-10-18 10:24:32.298597;306;São Paulo;Floriana Peixoto;Smartwatch QCY;Margarita Shute;feminino;boleto
2025-10-18 10:36:34.683603;307;São Paulo;Floriana Peixoto;Smartwatch QCY;Darrel Gahan;masculino;pix
2025-10-18 11:53:34.799331;308;Salvador;Francisco José;Geladeira Eletrolux;Andrew Hoffman;masculino;boleto
2025-10-18 13:10:34.746016;309;Salvador;Carla Montenegro;Geladeira Eletrolux;Paul Coker;masculino;dinheiro
2025-10-18 14:01:35.492195;310;Fortaleza;Matheus Pereira;Smartwatch QCY;Cynthia Wetzel;feminino;boleto
2025-10-18 16:23:33.102817;311;Recife;Carlos Silva;SmartTV OLED 4k TCL;Tracey Ryan;feminino;pix
2025-10-18 17:16:33.033837;312;Recife;Carlos Silva;Smartwatch QCY;Patricia Dunn;feminino;boleto
2025-10-18 17:39:35.529797;313;Recife;Carlos Silva;Geladeira Eletrolux;Julia Brumble;feminino;pix
2025-10-19 11:33:35.175714;314;Fortaleza;Ana Oliveira;SmartTV OLED 4k TCL;Charline Ellis;feminino;pix
2025-10-19 12:01:33.638490;315;São Paulo;Floriana Peixoto;Smartwatch QCY;Margaret Finn;feminino;boleto
2025-10-19 12:51:32.559732;316;Salvador;Carla Montenegro;Smartwatch QCY;Patricia Lopez;feminino;pix
2025-10-19 14:35:32.254981;317;Natal;João Pedro;Smartphone Samsung Galaxy;Kenneth Mata;masculino;dinheiro
2025-10-19 15:06:34.690048;318;Fortaleza;Matheus Pereira;PlayStation 5;Deborah Miller;feminino;boleto
2025-10-19 17:21:34.983260;319;São Paulo;Maurício Peçanha;SmartTV OLED 4k TCL;Misty Solomon;feminino;dinheiro
2025-10-19 17:45:34.676030;320;São Paulo;Maurício Peçanha;Geladeira Eletrolux;Nicole Mcgrew;feminino;pix
2025-10-19 19:42:34.283967;321;São Paulo;Maurício Peçanha;Smartwatch QCY;Ashley Collins;feminino;cartão de crédito
2025-10-20 11:43:35.278453;322;Fortaleza;Matheus Pereira;PlayStation 5;Thelma Michelson;feminino;cartão de crédito
2025-10-20 13:50:33.778078;323;Recife;Carlos Silva;SmartTV OLED 4k TCL;Victoria Krasley;feminino;boleto
2025-10-20 15:46:36.021114;324;Recife;Carlos Silva;Geladeira Eletrolux;William Vanburen;masculino;pix
2025-10-20 16:42:35.455498;325;Fortaleza;Ana Oliveira;Smartphone Samsung Galaxy;Jason Kehoe;masculino;dinheiro
2025-10-20 18:02:33.935058;326;Natal;João Pedro;PlayStation 5;Diane Guay;feminino;cartão de crédito
2025-10-20 20:05:35.861316;327;Natal;João Pedro;PlayStation 5;Nina Firth;feminino;pix
2025-10-21 10:13:35.906966;328;Fortaleza;Ana Oliveira;PlayStation 5;Lakeisha Walton;feminino;boleto
2025-10-21 12:03:33.620497;329;Fortaleza;Ana Oliveira;PlayStation 5;Blanca Jones;feminino;cartão de crédito
2025-10-21 13:48:36.157617;330;Fortaleza;Ana Oliveira;Smartwatch QCY;Edith Patterson;feminino;boleto
2025-10-21 14:16:35.065643;331;Salvador;Carla Montenegro;Smartwatch QCY;Kory Diaz;masculino;pix
2025-10-21 18:05:34.942611;332;Salvador;Francisco José;Smartwatch QCY;Margaret Brown;feminino;dinheiro
2025-10-22 11:35:35.906579;333;Fortaleza;Ana Oliveira;PlayStation 5;Ariel Price;feminino;cartão de crédito
2025-10-22 11:45:32.456299;334;Natal;Clara Neves;Geladeira Eletrolux;Richard Williams;masculino;pix
2025-10-22 13:47:34.690394;335;Recife;Fernanda Costa;Geladeira Eletrolux;William Arsenault;masculino;cartão de crédito
2025-10-22 16:35:32.237857;336;Natal;Clara Neves;Smartwatch QCY;Rosemary Robison;feminino;boleto
2025-10-22 16:44:36.159306;337;Recife;Fernanda Costa;Geladeira Eletrolux;Joe Sutter;masculino;pix
2025-10-22 18:28:35.209936;338;Recife;Carlos Silva;PlayStation 5;Cheryl Yates;feminino;pix
2025-10-22 20:19:33.899210;339;Salvador;Carla Montenegro;Smartphone Samsung Galaxy;David Stowers;masculino;dinheiro
2025-10-23 10:52:32.960261;340;Natal;Clara Neves;Geladeira Eletrolux;Barry West;masculino;cartão de crédito
2025-10-23 11:15:33.278097;341;Recife;Carlos Silva;Smartphone Samsung Galaxy;Doris Truett;feminino;boleto
2025-10-23 12:59:33.328941;342;Recife;Carlos Silva;SmartTV OLED 4k TCL;Justin Dennison;masculino;pix
2025-10-23 13:21:34.941681;343;Salvador;Francisco José;Geladeira Eletrolux;James Ford;masculino;boleto
2025-10-24 09:46:35.493547;344;Fortaleza;Ana Oliveira;Smartphone Samsung Galaxy;Emma Isom;feminino;dinheiro
2025-10-24 11:28:34.042225;345;Natal;Clara Neves;Smartwatch QCY;Gary Allen;masculino;pix
2025-10-24 11:33:33.623572;346;Fortaleza;Ana Oliveira;Geladeira Eletrolux;Kyle Spinney;masculino;dinheiro
2025-10-24 11:53:32.752429;347;São Paulo;Maurício Peçanha;Smartwatch QCY;Jane Chambers;feminino;pix
2025-10-24 15:21:35.088716;348;Salvador;Carla Montenegro;Geladeira Eletrolux;Charles Jones;masculino;boleto
2025-10-24 15:53:35.375936;349;Fortaleza;Matheus Pereira;SmartTV OLED 4k TCL;Amparo Drake;feminino;pix
2025-10-24 15:56:34.622771;350;Natal;Clara Neves;SmartTV OLED 4k TCL;Roger Ferry;masculino;boleto
2025-10-24 17:38:34.429163;351;Fortaleza;Ana Oliveira;Smartwatch QCY;Fernando Muros;masculino;boleto
2025-10-24 18:17:35.933691;352;Salvador;Carla Montenegro;Geladeira Eletrolux;Gregg Frierson;masculino;cartão de crédito
2025-10-24 20:40:35.310274;353;Natal;Clara Neves;Smartphone Samsung Galaxy;John Green;masculino;boleto
2025-10-25 15:21:32.319283;354;Fortaleza;Matheus Pereira;Smartwatch QCY;Mark Dowell;masculino;cartão de crédito
2025-10-25 18:37:36.134765;355;Recife;Carlos Silva;SmartTV OLED 4k TCL;Javier Flaim;masculino;pix
2025-10-25 19:42:36.282362;356;Recife;Fernanda Costa;Smartphone Samsung Galaxy;Willie Delmont;masculino;cartão de crédito
2025-10-25 19:50:34.797667;357;Natal;Clara Neves;Smartphone Samsung Galaxy;Anthony Sunderland;masculino;boleto
2025-10-26 10:07:33.598679;358;Recife;Fernanda Costa;PlayStation 5;Julia Stalvey;feminino;cartão de crédito
2025-10-26 12:47:35.467391;359;Fortaleza;Ana Oliveira;Smartphone Samsung Galaxy;Amanda Bilodeau;feminino;boleto
2025-10-26 15:43:35.088846;360;São Paulo;Floriana Peixoto;SmartTV OLED 4k TCL;Eddy Condon;masculino;dinheiro
2025-10-26 16:43:34.009292;361;Fortaleza;Ana Oliveira;Geladeira Eletrolux;Ann Hooser;feminino;pix
2025-10-27 10:01:34.675922;362;Natal;João Pedro;PlayStation 5;Frank Simpson;masculino;pix
2025-10-27 12:06:35.112811;363;Fortaleza;Matheus Pereira;Geladeira Eletrolux;Tessa Parkins;feminino;dinheiro
2025-10-27 12:19:33.644582;364;Fortaleza;Ana Oliveira;Smartphone Samsung Galaxy;Eric Edwardson;masculino;pix
2025-10-27 14:25:33.419113;365;Natal;João Pedro;Geladeira Eletrolux;Robert Mckinnon;masculino;boleto
2025-10-27 16:17:33.244843;366;Natal;Clara Neves;PlayStation 5;Rosanna Reiter;feminino;pix
2025-10-27 16:35:35.637231;367;São Paulo;Floriana Peixoto;SmartTV OLED 4k TCL;Autumn Payne;feminino;pix
2025-10-27 16:39:34.176455;368;Natal;Clara Neves;PlayStation 5;Valerie Gibson;feminino;boleto
2025-10-27 17:27:34.063354;369;Salvador;Francisco José;Geladeira Eletrolux;Roberto Gunn;masculino;dinheiro
2025-10-28 12:39:35.527685;370;Salvador;Carla Montenegro;PlayStation 5;Ryan Tutt;masculino;cartão de crédito
2025-10-28 16:19:35.492888;371;Fortaleza;Matheus Pereira;Geladeira Eletrolux;Marlon Alexander;masculino;cartão de crédito
2025-10-28 16:28:36.388729;372;Natal;Clara Neves;Smartwatch QCY;William Ramos;masculino;cartão de crédito
2025-10-28 19:53:34.333406;373;São Paulo;Floriana Peixoto;SmartTV OLED 4k TCL;Peter Rider;masculino;cartão de crédito
2025-10-29 10:26:33.158574;374;Recife;Carlos Silva;Smartphone Samsung Galaxy;Suzanne Johnson;feminino;pix
2025-10-29 15:11:33.826457;375;São Paulo;Floriana Peixoto;Smartphone Samsung Galaxy;Gale Stone;feminino;pix
2025-10-29 15:43:35.179391;376;Natal;João Pedro;Smartphone Samsung Galaxy;Elizabeth Tilton;feminino;boleto
2025-10-29 18:29:36.536705;377;Salvador;Carla Montenegro;PlayStation 5;Edward Mcdaniel;masculino;pix
2025-10-30 12:43:35.393798;378;Natal;Clara Neves;PlayStation 5;Nancy Appleton;feminino;boleto
2025-10-30 19:00:33.969693;379;São Paulo;Floriana Peixoto;SmartTV OLED 4k TCL;Helen Chesser;feminino;dinheiro
2025-10-30 20:18:35.818282;380;Recife;Carlos Silva;SmartTV OLED 4k TCL;Jane Hubbard;feminino;pix
2025-10-30 20:37:34.013762;381;Natal;João Pedro;Smartwatch QCY;Paul Rojas;masculino;cartão de crédito
2025-10-31 10:05:34.726592;382;Fortaleza;Matheus Pereira;Smartphone Samsung Galaxy;Elwood Brubaker;masculino;pix
2025-10-31 10:58:33.632667;383;Natal;João Pedro;Smartphone Samsung Galaxy;Clarence Pixler;masculino;dinheiro
2025-10-31 11:01:35.258770;384;São Paulo;Floriana Peixoto;Geladeira Eletrolux;Kristen Schupbach;feminino;pix
2025-10-31 12:35:33.971390;385;São Paulo;Maurício Peçanha;Smartwatch QCY;Sarah Griffin;feminino;boleto
2025-10-31 15:15:32.209363;386;Fortaleza;Ana Oliveira;PlayStation 5;Gary Chow;masculino;boleto
2025-10-31 17:49:34.531592;387;Natal;João Pedro;PlayStation 5;Marc Oneal;masculino;pix
2025-11-01 09:52:32.721166;388;Recife;Carlos Silva;Smartphone Samsung Galaxy;William Bridges;masculino;boleto
2025-11-01 10:27:35.351450;389;São Paulo;Maurício Peçanha;SmartTV OLED 4k TCL;Gene Beaver;masculino;boleto
2025-11-01 10:48:32.423705;390;São Paulo;Floriana Peixoto;Smartwatch QCY;William Gatlin;masculino;dinheiro
2025-11-01 10:54:34.578679;391;São Paulo;Floriana Peixoto;PlayStation 5;Lillian Black;feminino;pix
2025-11-01 15:55:32.545926;392;Natal;João Pedro;Geladeira Eletrolux;Jill Mcintyre;feminino;boleto
2025-11-01 16:31:36.076528;393;Recife;Carlos Silva;SmartTV OLED 4k TCL;Kristen Bagen;feminino;cartão de crédito
2025-11-01 18:59:32.204564;394;Salvador;Francisco José;PlayStation 5;Rose Florence;feminino;pix
2025-11-01 19:50:36.415409;395;Natal;João Pedro;Geladeira Eletrolux;Paul Dandy;masculino;dinheiro
2025-11-02 13:33:33.554453;396;Salvador;Carla Montenegro;SmartTV OLED 4k TCL;Dorothea Hopson;feminino;boleto
2025-11-02 14:14:35.311605;397;Salvador;Carla Montenegro;PlayStation 5;Sharon Dennis;feminino;boleto
2025-11-02 14:20:35.483671;398;Recife;Fernanda Costa;SmartTV OLED 4k TCL;Antonio Maldonado;masculino;dinheiro
2025-11-02 17:37:32.997910;399;Recife;Carlos Silva;Geladeira Eletrolux;Landon Aldridge;masculino;boleto
2025-11-02 18:42:36.235258;400;Natal;João Pedro;Smartwatch QCY;Carmella Tadlock;feminino;pix
2025-11-03 12:02:36.523927;401;São Paulo;Maurício Peçanha;Smartwatch QCY;Brian Rivera;masculino;cartão de crédito
2025-11-03 12:18:32.302263;402;Salvador;Francisco José;PlayStation 5;Howard Harris;masculino;cartão de crédito
2025-11-03 14:35:35.115156;403;Recife;Fernanda Costa;Smartwatch QCY;Emily Livesey;feminino;boleto
2025-11-03 17:04:36.154798;404;Natal;Clara Neves;Smartphone Samsung Galaxy;Joyce Holmes;feminino;dinheiro
2025-11-03 20:33:35.108557;405;Fortaleza;Ana Oliveira;Smartphone Samsung Galaxy;William Collins;masculino;dinheiro
2025-11-04 10:44:32.193794;406;Recife;Fernanda Costa;Geladeira Eletrolux;Luther Jenkins;masculino;boleto
2025-11-04 11:28:34.046714;407;Fortaleza;Ana Oliveira;Smartphone Samsung Galaxy;Pauline Ledezma;feminino;dinheiro
2025-11-04 13:37:32.238930;408;Recife;Carlos Silva;Smartphone Samsung Galaxy;Lee Becker;masculino;dinheiro
2025-11-04 16:38:35.165250;409;Fortaleza;Ana Oliveira;Geladeira Eletrolux;Kent Weatherford;masculino;dinheiro
2025-11-05 13:42:36.223656;410;Natal;Clara Neves;Smartwatch QCY;Danny Jacobs;masculino;dinheiro
2025-11-05 17:19:36.015824;411;Salvador;Francisco José;Smartphone Samsung Galaxy;Betty Dettman;feminino;pix
2025-11-05 20:00:33.120287;412;Recife;Fernanda Costa;Smartwatch QCY;Charles Rossi;masculino;dinheiro
2025-11-06 11:05:33.818509;413;Natal;João Pedro;SmartTV OLED 4k TCL;Robert Endo;masculino;pix
2025-11-06 12:29:36.535524;414;Salvador;Carla Montenegro;PlayStation 5;James Starnes;masculino;pix
2025-11-06 14:11:35.732455;415;Salvador;Carla Montenegro;Smartwatch QCY;Pamela Chausse;feminino;cartão de crédito
2025-11-06 15:48:33.330690;416;Fortaleza;Matheus Pereira;Smartphone Samsung Galaxy;Fletcher Fournier;masculino;boleto
2025-11-06 16:17:32.471730;417;Salvador;Francisco José;Geladeira Eletrolux;Alfred Phillips;masculino;cartão de crédito
2025-11-06 17:46:34.014184;418;Fortaleza;Ana Oliveira;Smartphone Samsung Galaxy;Ellen Neeley;feminino;cartão de crédito
2025-11-06 19:04:35.358191;419;Fortaleza;Ana Oliveira;SmartTV OLED 4k TCL;Josie Chicoine;feminino;cartão de crédito
2025-11-06 20:39:32.427246;420;Fortaleza;Ana Oliveira;Smartphone Samsung Galaxy;Maria Arendt;feminino;pix
2025-11-07 11:17:35.843544;421;São Paulo;Maurício Peçanha;Geladeira Eletrolux;David Baker;masculino;dinheiro
2025-11-07 15:22:33.507187;422;Fortaleza;Ana Oliveira;Smartwatch QCY;Jose Goodman;masculino;cartão de crédito
2025-11-07 15:29:35.543406;423;Recife;Carlos Silva;SmartTV OLED 4k TCL;Eli Marinaccio;masculino;cartão de crédito
2025-11-07 16:48:35.774648;424;Natal;João Pedro;SmartTV OLED 4k TCL;Tommie Frisco;masculino;dinheiro
2025-11-07 19:05:33.559138;425;Fortaleza;Matheus Pereira;Smartphone Samsung Galaxy;Kelvin Adams;masculino;pix
2025-11-07 19:46:33.871842;426;Recife;Carlos Silva;SmartTV OLED 4k TCL;Samuel Hattley;masculino;cartão de crédito
2025-11-08 10:49:32.695355;427;Fortaleza;Ana Oliveira;Geladeira Eletrolux;Barbara Wakham;feminino;cartão de crédito
2025-11-09 12:28:32.274472;428;São Paulo;Maurício Peçanha;Smartwatch QCY;Ruben Dirks;masculino;cartão de crédito
2025-11-10 10:51:34.088267;429;Natal;Clara Neves;Smartphone Samsung Galaxy;Consuelo Calles;feminino;dinheiro
2025-11-10 11:06:35.056552;430;Fortaleza;Matheus Pereira;SmartTV OLED 4k TCL;Margarita Trotter;feminino;pix
2025-11-10 12:52:34.882213;431;Recife;Fernanda Costa;PlayStation 5;Bryan Swiney;masculino;pix
2025-11-10 13:40:34.885096;432;São Paulo;Floriana Peixoto;Smartphone Samsung Galaxy;Teresa Kawachi;feminino;dinheiro
2025-11-11 12:50:33.971311;433;São Paulo;Floriana Peixoto;Smartphone Samsung Galaxy;Ronald Martin;masculino;cartão de crédito
2025-11-11 13:54:35.281164;434;Recife;Carlos Silva;Smartwatch QCY;Ingrid Ross;feminino;cartão de crédito
2025-11-11 16:27:36.076376;435;São Paulo;Maurício Peçanha;PlayStation 5;Nathan Riley;masculino;cartão de crédito
2025-11-11 18:47:35.601513;436;São Paulo;Floriana Peixoto;PlayStation 5;Harold Johnson;masculino;dinheiro
2025-11-11 19:37:33.097801;437;Natal;João Pedro;Geladeira Eletrolux;Jessica Parker;feminino;pix
2025-11-12 10:39:33.072423;438;São Paulo;Floriana Peixoto;Geladeira Eletrolux;Teresa Vives;feminino;cartão de crédito
2025-11-12 12:11:32.254005;439;Recife;Fernanda Costa;Smartwatch QCY;William Carnahan;masculino;dinheiro
2025-11-12 15:35:35.629569;440;Recife;Carlos Silva;Geladeira Eletrolux;Joyce Lundy;feminino;dinheiro
2025-11-12 16:37:32.999013;441;Natal;Clara Neves;Geladeira Eletrolux;Jean Simmons;feminino;pix
2025-11-12 17:31:35.371052;442;Salvador;Carla Montenegro;SmartTV OLED 4k TCL;Luis Phillips;masculino;pix
2025-11-12 20:15:36.295369;443;São Paulo;Floriana Peixoto;PlayStation 5;Araceli Brown;feminino;boleto
2025-11-13 10:18:32.873848;444;São Paulo;Floriana Peixoto;Smartwatch QCY;Kevin Davis;masculino;dinheiro
2025-11-13 10:20:32.320610;445;Fortaleza;Matheus Pereira;Smartphone Samsung Galaxy;Peter Steinberger;masculino;boleto
2025-11-13 15:04:36.189879;446;Fortaleza;Ana Oliveira;Smartwatch QCY;Valerie Flores;feminino;cartão de crédito
2025-11-13 19:37:34.066704;447;Salvador;Francisco José;Geladeira Eletrolux;Barabara Lindsey;feminino;dinheiro
2025-11-14 12:16:33.500245;448;Fortaleza;Ana Oliveira;SmartTV OLED 4k TCL;Beryl Coombe;feminino;pix
2025-11-14 14:52:33.462251;449;Natal;Clara Neves;Smartphone Samsung Galaxy;Margaret Davis;feminino;dinheiro
2025-11-14 19:09:36.086804;450;Salvador;Francisco José;Smartphone Samsung Galaxy;Laura Schmitt;feminino;dinheiro
2025-11-14 19:18:33.617599;451;Natal;Clara Neves;Geladeira Eletrolux;Linda Phillips;feminino;cartão de crédito
2025-11-14 19:39:36.331602;452;Natal;João Pedro;PlayStation 5;Elijah Neal;masculino;boleto
2025-11-14 19:52:32.385187;453;Natal;João Pedro;PlayStation 5;Lynda Thompson;feminino;boleto
2025-11-15 09:57:32.302501;454;Natal;Clara Neves;SmartTV OLED 4k TCL;Clinton Reed;masculino;cartão de crédito
2025-11-15 10:22:32.264377;455;Recife;Carlos Silva;Geladeira Eletrolux;Alberta Hoehn;feminino;dinheiro
2025-11-15 10:33:32.457469;456;São Paulo;Maurício Peçanha;Smartphone Samsung Galaxy;Kimberly Mccullough;feminino;boleto
2025-11-15 15:29:32.614905;457;Recife;Fernanda Costa;Geladeira Eletrolux;Barbara Otto;feminino;dinheiro
2025-11-15 19:00:36.524234;458;São Paulo;Maurício Peçanha;Smartwatch QCY;Shelley Dwyer;feminino;cartão de crédito
2025-11-15 20:13:35.566571;459;Fortaleza;Matheus Pereira;Smartphone Samsung Galaxy;Thomas Hickox;masculino;boleto
2025-11-16 11:22:34.374907;460;Recife;Carlos Silva;PlayStation 5;Charles Inda;masculino;dinheiro
2025-11-16 11:29:35.406881;461;São Paulo;Maurício Peçanha;Smartphone Samsung Galaxy;Ryan Deere;masculino;cartão de crédito
2025-11-16 11:33:35.817932;462;Recife;Fernanda Costa;Smartphone Samsung Galaxy;Richard Sanchez;masculino;boleto
2025-11-16 12:13:34.238307;463;Natal;Clara Neves;Geladeira Eletrolux;Keith Robinson;masculino;cartão de crédito
2025-11-16 12:41:35.901183;464;Salvador;Carla Montenegro;PlayStation 5;Vernon Malpass;masculino;boleto
2025-11-16 12:45:34.426967;465;Salvador;Carla Montenegro;Smartphone Samsung Galaxy;Alanna Warner;feminino;cartão de crédito
2025-11-16 16:19:33.482649;466;São Paulo;Floriana Peixoto;SmartTV OLED 4k TCL;Luis Woods;masculino;pix
2025-11-16 16:25:33.131752;467;Natal;João Pedro;SmartTV OLED 4k TCL;Katrina Mcconnell;feminino;dinheiro
2025-11-16 17:32:34.995190;468;Salvador;Carla Montenegro;Smartwatch QCY;Kenneth Vargas;masculino;cartão de crédito
2025-11-16 18:16:32.613585;469;Recife;Carlos Silva;Smartphone Samsung Galaxy;Millie Gonzales;feminino;dinheiro
2025-11-17 10:00:35.676186;470;São Paulo;Floriana Peixoto;PlayStation 5;Pauline Freeman;feminino;boleto
2025-11-17 11:06:35.818014;471;Natal;João Pedro;Smartphone Samsung Galaxy;Jennifer Richmond;feminino;dinheiro
2025-11-17 12:53:33.772836;472;Fortaleza;Ana Oliveira;PlayStation 5;Ernest Fowler;masculino;boleto
2025-11-17 13:30:36.023952;473;Salvador;Carla Montenegro;Smartphone Samsung Galaxy;Deborah Maxie;feminino;dinheiro
2025-11-17 14:10:34.992482;474;Recife;Carlos Silva;Smartwatch QCY;Marcus Sanchez;masculino;dinheiro
2025-11-17 18:04:32.878719;475;Salvador;Carla Montenegro;PlayStation 5;Evelyn Ziegler;feminino;pix
2025-11-18 12:01:34.174572;476;Natal;Clara Neves;SmartTV OLED 4k TCL;Francisco Daniels;masculino;pix
2025-11-18 13:35:35.832421;477;Natal;João Pedro;PlayStation 5;Lawrence Vidrine;masculino;dinheiro
2025-11-18 13:53:35.139714;478;Salvador;Carla Montenegro;PlayStation 5;Julia Becker;feminino;cartão de crédito
2025-11-18 15:40:34.974758;479;Fortaleza;Ana Oliveira;Smartphone Samsung Galaxy;Julie Sorensen;feminino;boleto
2025-11-18 16:26:34.978476;480;São Paulo;Floriana Peixoto;Smartwatch QCY;Robert Mccullough;masculino;pix
2025-11-18 17:24:36.412866;481;Salvador;Francisco José;SmartTV OLED 4k TCL;Joe Daniels;masculino;cartão de crédito
2025-11-18 20:01:34.183595;482;São Paulo;Floriana Peixoto;Smartwatch QCY;Amy Gaulke;feminino;pix
2025-11-19 11:08:35.799212;483;Salvador;Francisco José;PlayStation 5;David Choice;masculino;cartão de crédito
2025-11-19 16:57:32.741165;484;Natal;Clara Neves;PlayStation 5;Norbert Mifflin;masculino;dinheiro
2025-11-19 17:53:32.716768;485;Natal;Clara Neves;Smartphone Samsung Galaxy;Easter Mckenzie;feminino;pix
2025-11-19 17:55:35.700346;486;Recife;Carlos Silva;Smartphone Samsung Galaxy;Timothy Gold;masculino;dinheiro
2025-11-19 18:44:35.295940;487;Salvador;Carla Montenegro;Smartphone Samsung Galaxy;Rebecca Boyles;feminino;boleto
2025-11-20 10:02:34.679210;488;Recife;Fernanda Costa;Smartphone Samsung Galaxy;Wesley Brackett;masculino;pix
2025-11-20 12:41:35.864270;489;São Paulo;Floriana Peixoto;SmartTV OLED 4k TCL;Michael Sanchez;masculino;dinheiro
2025-11-20 18:04:36.209387;490;São Paulo;Maurício Peçanha;PlayStation 5;Jerry Perez;masculino;boleto
2025-11-21 14:49:34.250510;491;São Paulo;Floriana Peixoto;Smartwatch QCY;Phyllis Alnutt;feminino;pix
2025-11-21 14:58:32.787886;492;Natal;Clara Neves;Smartphone Samsung Galaxy;Joseph Panahon;masculino;dinheiro
2025-11-21 16:22:33.891375;493;Recife;Carlos Silva;Smartphone Samsung Galaxy;Lester Calhoon;masculino;cartão de crédito
2025-11-21 16:57:34.030364;494;Fortaleza;Ana Oliveira;Smartwatch QCY;Esther Champlin;feminino;cartão de crédito
2025-11-22 10:19:33.385483;495;Salvador;Carla Montenegro;PlayStation 5;Charles Rodriquez;masculino;cartão de crédito
2025-11-22 11:54:36.299760;496;Natal;João Pedro;PlayStation 5;Lamar Weissman;masculino;boleto
2025-11-22 12:53:35.905792;497;São Paulo;Maurício Peçanha;Geladeira Eletrolux;Eleanore Fischer;feminino;boleto
2025-11-22 15:42:32.211658;498;Fortaleza;Ana Oliveira;Smartphone Samsung Galaxy;Richard Jackson;masculino;cartão de crédito
2025-11-22 16:33:33.486582;499;Recife;Fernanda Costa;SmartTV OLED 4k TCL;Eugene Wilson;masculino;cartão de crédito
2025-11-22 20:36:34.550210;500;São Paulo;Floriana Peixoto;PlayStation 5;Jay Freetage;masculino;dinheiro
2025-11-23 17:28:32.134524;501;Recife;Fernanda Costa;Smartwatch QCY;Jerry Anderson;masculino;cartão de crédito
2025-11-23 18:17:34.981620;502;Recife;Fernanda Costa;PlayStation 5;Patricia Smith;feminino;pix
2025-11-23 18:25:33.628681;503;Fortaleza;Matheus Pereira;SmartTV OLED 4k TCL;David Gregory;masculino;dinheiro
2025-11-23 19:16:35.415922;504;Salvador;Francisco José;Smartwatch QCY;Gregoria Russell;feminino;dinheiro
2025-11-24 13:24:34.828886;505;Natal;João Pedro;Geladeira Eletrolux;David Lansing;masculino;dinheiro
2025-11-24 16:17:33.343650;506;Recife;Fernanda Costa;SmartTV OLED 4k TCL;Jeffrey Boller;masculino;dinheiro
2025-11-24 16:18:34.680402;507;São Paulo;Maurício Peçanha;Geladeira Eletrolux;Brian Berumen;masculino;cartão de crédito
2025-11-24 19:53:35.608228;508;São Paulo;Floriana Peixoto;Smartphone Samsung Galaxy;Douglas Page;masculino;cartão de crédito
2025-11-24 20:24:32.998810;509;São Paulo;Maurício Peçanha;Smartwatch QCY;Angela Bennett;feminino;boleto
2025-11-25 11:53:35.306229;510;Recife;Fernanda Costa;Smartwatch QCY;Phillip Thornton;masculino;pix
2025-11-25 12:44:34.450287;511;Fortaleza;Matheus Pereira;PlayStation 5;Gonzalo Parsons;masculino;dinheiro
2025-11-25 19:38:35.628483;512;Natal;Clara Neves;SmartTV OLED 4k TCL;Brittany Warren;feminino;boleto
2025-11-26 12:06:32.688807;513;Fortaleza;Ana Oliveira;Smartwatch QCY;Mary Miller;feminino;dinheiro
2025-11-26 14:58:33.358872;514;São Paulo;Maurício Peçanha;Smartwatch QCY;Hilda Koenen;feminino;pix
2025-11-26 16:49:35.707732;515;Salvador;Francisco José;SmartTV OLED 4k TCL;Charles Easley;masculino;dinheiro
2025-11-26 18:41:35.684033;516;Natal;João Pedro;SmartTV OLED 4k TCL;Kaitlin Downing;feminino;boleto
2025-11-27 10:46:35.325023;517;Natal;Clara Neves;Smartwatch QCY;Christina Maroon;feminino;cartão de crédito
2025-11-27 11:20:36.250030;518;Fortaleza;Ana Oliveira;PlayStation 5;Noel Woodfin;masculino;dinheiro
2025-11-27 12:05:32.311258;519;Salvador;Carla Montenegro;Geladeira Eletrolux;Joan Fuller;feminino;dinheiro
2025-11-27 14:09:36.095621;520;Natal;João Pedro;Smartphone Samsung Galaxy;Kenneth Biscoe;masculino;cartão de crédito
2025-11-27 14:54:33.482839;521;São Paulo;Floriana Peixoto;Geladeira Eletrolux;Elsie Mimms;feminino;dinheiro
2025-11-27 19:14:35.173855;522;Fortaleza;Matheus Pereira;SmartTV OLED 4k TCL;Kelly Tran;feminino;pix
2025-11-28 09:45:35.342937;523;Salvador;Francisco José;Smartphone Samsung Galaxy;Judith Delapp;feminino;dinheiro
2025-11-28 10:47:35.133884;524;Natal;Clara Neves;Smartwatch QCY;Aubrey Haskell;feminino;boleto
2025-11-28 13:17:33.961749;525;Salvador;Francisco José;Smartwatch QCY;Nathan Martinez;masculino;pix
2025-11-28 18:09:32.860122;526;Fortaleza;Matheus Pereira;PlayStation 5;Eddie Baptiste;masculino;cartão de crédito
2025-11-28 19:19:33.216074;527;Recife;Carlos Silva;Smartwatch QCY;Charlie Hernandez;masculino;boleto
2025-11-28 20:31:34.578813;528;Salvador;Francisco José;Smartwatch QCY;Ada Corso;feminino;pix
2025-11-28 20:36:35.864360;529;Natal;Clara Neves;SmartTV OLED 4k TCL;Jackie Leischner;feminino;pix
2025-11-29 10:20:34.943712;530;Recife;Carlos Silva;Smartphone Samsung Galaxy;Ted Lawson;masculino;dinheiro
2025-11-29 10:38:32.442003;531;Recife;Carlos Silva;SmartTV OLED 4k TCL;Shannon Sprague;feminino;boleto
2025-11-29 12:47:34.974565;532;São Paulo;Floriana Peixoto;PlayStation 5;Michael Mcguire;masculino;cartão de crédito
2025-11-29 13:13:36.474405;533;Recife;Carlos Silva;PlayStation 5;Marcus Gochal;masculino;cartão de crédito
2025-11-29 13:53:32.624272;534;Recife;Fernanda Costa;PlayStation 5;Oliver Rogers;masculino;cartão de crédito
2025-11-29 20:31:35.648372;535;Salvador;Carla Montenegro;Geladeira Eletrolux;Scott Smith;masculino;boleto
2025-11-30 12:05:36.084468;536;São Paulo;Floriana Peixoto;Geladeira Eletrolux;Elisabeth Browning;feminino;pix
2025-11-30 14:09:32.928255;537;Fortaleza;Matheus Pereira;SmartTV OLED 4k TCL;Royce Davisson;masculino;boleto
2025-11-30 14:34:32.462952;538;Recife;Carlos Silva;Smartwatch QCY;Paul Congleton;masculino;dinheiro
2025-11-30 19:32:33.285279;539;Fortaleza;Matheus Pereira;Geladeira Eletrolux;Betty Turner;feminino;boleto
2025-11-30 19:40:35.033530;540;Fortaleza;Matheus Pereira;PlayStation 5;Patrick Andren;masculino;cartão de crédito
2025-11-30 20:07:36.061962;541;Natal;João Pedro;Smartphone Samsung Galaxy;Lorita Young;feminino;pix
2025-11-30 20:25:34.270254;542;Natal;João Pedro;Smartphone Samsung Galaxy;Conrad Prince;masculino;cartão de crédito
2025-12-01 10:38:33.570193;543;Natal;João Pedro;SmartTV OLED 4k TCL;Sherry Schleusner;feminino;cartão de crédito
2025-12-01 12:02:34.665807;544;Fortaleza;Matheus Pereira;Smartwatch QCY;Edwin Osborn;masculino;cartão de crédito
2025-12-01 12:28:32.658084;545;Fortaleza;Matheus Pereira;PlayStation 5;Carrie Garza;feminino;dinheiro
2025-12-01 15:43:32.251484;546;Fortaleza;Matheus Pereira;Smartwatch QCY;Sharon Ferree;feminino;dinheiro
2025-12-01 16:30:33.277988;547;Natal;João Pedro;PlayStation 5;Carl Hall;masculino;pix
2025-12-01 17:23:32.238341;548;Natal;Clara Neves;Geladeira Eletrolux;Shanna Rodriguez;feminino;cartão de crédito
2025-12-01 17:50:35.313045;549;Natal;João Pedro;Smartwatch QCY;Andrea Juarez;feminino;dinheiro
2025-12-01 18:42:34.701742;550;Fortaleza;Ana Oliveira;PlayStation 5;Maribel Thompson;feminino;dinheiro
2025-12-01 20:26:33.721929;551;Recife;Carlos Silva;PlayStation 5;Sharon Byrd;feminino;dinheiro
2025-12-01 20:41:35.578845;552;Fortaleza;Matheus Pereira;Smartwatch QCY;David Kelly;masculino;pix
2025-12-02 10:41:34.953977;553;Salvador;Carla Montenegro;Smartphone Samsung Galaxy;Amy Trevethan;feminino;pix
2025-12-02 10:55:33.536344;554;Recife;Fernanda Costa;Smartwatch QCY;Michael Spadaro;masculino;cartão de crédito
2025-12-02 15:03:33.722728;555;Natal;João Pedro;Smartphone Samsung Galaxy;Peter Cooley;masculino;boleto
2025-12-02 15:21:33.666987;556;São Paulo;Maurício Peçanha;Smartphone Samsung Galaxy;Jason Scribner;masculino;boleto
2025-12-02 18:38:36.435095;557;Fortaleza;Ana Oliveira;Smartwatch QCY;David Saine;masculino;dinheiro
2025-12-03 14:57:32.316803;558;Natal;Clara Neves;Smartphone Samsung Galaxy;Marie Hernandez;feminino;cartão de crédito
2025-12-03 15:56:34.797285;559;Recife;Fernanda Costa;Smartwatch QCY;Henry White;masculino;pix
2025-12-03 17:05:36.218551;560;Recife;Carlos Silva;Geladeira Eletrolux;Karen Creagh;feminino;dinheiro
2025-12-03 17:12:32.279867;561;Salvador;Francisco José;Geladeira Eletrolux;Edward Prosser;masculino;cartão de crédito
2025-12-03 19:29:33.668555;562;São Paulo;Floriana Peixoto;PlayStation 5;Janet Wiley;feminino;dinheiro
2025-12-04 10:56:35.334509;563;Fortaleza;Ana Oliveira;Smartwatch QCY;Rafael Purnell;masculino;cartão de crédito
2025-12-04 12:54:35.512415;564;Salvador;Francisco José;PlayStation 5;Amy Hamill;feminino;boleto
2025-12-04 14:30:33.006292;565;Natal;João Pedro;Geladeira Eletrolux;David Powell;masculino;dinheiro
2025-12-04 15:25:33.383385;566;São Paulo;Maurício Peçanha;SmartTV OLED 4k TCL;Edith Easterling;feminino;dinheiro
2025-12-04 19:07:32.313954;567;Recife;Carlos Silva;PlayStation 5;Lisa Guzman;feminino;pix
2025-12-05 13:12:34.535569;568;Fortaleza;Matheus Pereira;Geladeira Eletrolux;Helen Griffin;feminino;cartão de crédito
2025-12-05 13:15:33.710408;569;Recife;Fernanda Costa;Geladeira Eletrolux;Margaret Stokes;feminino;cartão de crédito
2025-12-05 20:00:35.014375;570;Salvador;Carla Montenegro;Geladeira Eletrolux;James Stephenson;masculino;pix
2025-12-06 09:58:35.551029;571;Salvador;Carla Montenegro;Smartphone Samsung Galaxy;Alphonso Smith;masculino;cartão de crédito
2025-12-06 11:19:33.575770;572;Salvador;Francisco José;Geladeira Eletrolux;William Medrano;masculino;boleto
2025-12-06 13:58:36.281771;573;São Paulo;Floriana Peixoto;Smartwatch QCY;Camille Thomas;feminino;pix
2025-12-06 17:17:33.508256;574;Recife;Carlos Silva;Smartwatch QCY;Ashly Burgess;feminino;pix
2025-12-06 18:04:36.322116;575;São Paulo;Floriana Peixoto;PlayStation 5;Melissa Bradley;feminino;cartão de crédito
2025-12-07 13:46:34.773605;576;Salvador;Francisco José;SmartTV OLED 4k TCL;Keith Hurt;masculino;cartão de crédito
2025-12-07 14:20:33.000511;577;Natal;Clara Neves;SmartTV OLED 4k TCL;Kyle Bilski;masculino;cartão de crédito
2025-12-07 19:11:34.297912;578;Salvador;Francisco José;Smartphone Samsung Galaxy;Heather Dame;feminino;cartão de crédito
2025-12-08 11:19:34.139955;579;Fortaleza;Matheus Pereira;Geladeira Eletrolux;Allen Christopher;masculino;pix
2025-12-08 15:05:36.022942;580;Fortaleza;Ana Oliveira;PlayStation 5;Geraldine Mcmillen;feminino;cartão de crédito
2025-12-08 19:58:34.276575;581;Recife;Carlos Silva;Smartphone Samsung Galaxy;Elizabeth Pina;feminino;boleto
2025-12-08 20:31:32.561261;582;Fortaleza;Ana Oliveira;Smartphone Samsung Galaxy;Elisa Siefert;feminino;pix
2025-12-09 10:35:35.466186;583;Fortaleza;Matheus Pereira;SmartTV OLED 4k TCL;Jennifer Henke;feminino;cartão de crédito
2025-12-09 14:10:35.017318;584;Recife;Carlos Silva;PlayStation 5;Jennifer Nadeau;feminino;boleto
2025-12-09 16:52:34.340203;585;Recife;Carlos Silva;Smartwatch QCY;Brandon May;masculino;dinheiro
2025-12-10 10:10:32.692323;586;Salvador;Francisco José;Geladeira Eletrolux;Charles Giannini;masculino;cartão de crédito
2025-12-10 10:37:32.382821;587;Fortaleza;Ana Oliveira;Smartphone Samsung Galaxy;James Hubbell;masculino;dinheiro
2025-12-10 13:53:32.691346;588;Salvador;Francisco José;SmartTV OLED 4k TCL;Lee Hacker;masculino;cartão de crédito
2025-12-10 15:06:33.437402;589;Recife;Fernanda Costa;PlayStation 5;Ashley Grimes;feminino;boleto
2025-12-10 15:46:34.941778;590;São Paulo;Maurício Peçanha;Smartphone Samsung Galaxy;Alisa Little;feminino;cartão de crédito
2025-12-10 17:34:33.564149;591;Natal;João Pedro;Geladeira Eletrolux;Maureen Olsen;feminino;dinheiro
2025-12-10 20:37:34.668230;592;Salvador;Francisco José;Smartphone Samsung Galaxy;Grace Martin;feminino;cartão de crédito
2025-12-11 11:31:32.475502;593;Recife;Carlos Silva;PlayStation 5;Gerald Gan;masculino;dinheiro
2025-12-11 12:03:36.443944;594;São Paulo;Floriana Peixoto;PlayStation 5;Jeff Woods;masculino;pix
2025-12-11 14:30:35.296744;595;Fortaleza;Matheus Pereira;Geladeira Eletrolux;Judith Schupbach;feminino;pix
2025-12-11 15:06:32.745976;596;São Paulo;Maurício Peçanha;Geladeira Eletrolux;Erline Larson;feminino;dinheiro
2025-12-11 18:20:32.938936;597;Natal;João Pedro;SmartTV OLED 4k TCL;Robert Danger;masculino;pix
2025-12-11 18:33:36.154535;598;São Paulo;Maurício Peçanha;Smartphone Samsung Galaxy;Catherine Brooks;feminino;dinheiro
2025-12-11 19:09:35.774522;599;Fortaleza;Ana Oliveira;Smartphone Samsung Galaxy;Todd Webb;masculino;boleto
2025-12-11 20:02:32.986026;600;Recife;Fernanda Costa;Smartphone Samsung Galaxy;Terry Mannino;masculino;cartão de crédito
2025-12-12 11:23:33.871474;601;Natal;João Pedro;Geladeira Eletrolux;Charles Ingram;masculino;cartão de crédito
2025-12-12 13:45:35.091281;602;Salvador;Carla Montenegro;SmartTV OLED 4k TCL;Christine Alexander;feminino;pix
2025-12-12 14:14:32.363597;603;São Paulo;Maurício Peçanha;Smartwatch QCY;Diane Mcgee;feminino;pix
2025-12-12 14:37:32.161396;604;Salvador;Francisco José;Smartwatch QCY;Gus Hurst;masculino;dinheiro
2025-12-12 15:14:32.592354;605;Natal;João Pedro;PlayStation 5;Joann Aguino;feminino;pix
2025-12-12 16:03:33.033632;606;Salvador;Carla Montenegro;Smartphone Samsung Galaxy;Susan Lewis;feminino;boleto
2025-12-12 18:53:33.129069;607;Natal;João Pedro;Smartwatch QCY;John Rojas;masculino;dinheiro
2025-12-13 10:56:36.176908;608;Salvador;Carla Montenegro;Smartphone Samsung Galaxy;Robert Keenan;masculino;boleto
2025-12-13 10:59:32.988098;609;Recife;Carlos Silva;Geladeira Eletrolux;Matthew Bailey;masculino;boleto
2025-12-13 14:07:35.585000;610;Recife;Carlos Silva;PlayStation 5;Mark Wittkop;masculino;boleto
2025-12-13 18:01:33.378225;611;São Paulo;Maurício Peçanha;Smartwatch QCY;Stephanie Kriegel;feminino;cartão de crédito
2025-12-13 18:31:33.257085;612;Fortaleza;Matheus Pereira;PlayStation 5;Donna Clyde;feminino;boleto
2025-12-13 18:31:36.189457;613;Fortaleza;Ana Oliveira;Smartphone Samsung Galaxy;David Richardson;masculino;dinheiro
2025-12-14 14:15:33.620679;614;Fortaleza;Matheus Pereira;Geladeira Eletrolux;Karl Parker;masculino;pix
2025-12-14 17:00:34.800927;615;Recife;Fernanda Costa;Geladeira Eletrolux;Leon Shimizu;masculino;boleto
2025-12-14 17:06:32.357877;616;São Paulo;Maurício Peçanha;Smartwatch QCY;Joann Borden;feminino;pix
2025-12-14 18:09:32.617999;617;Fortaleza;Matheus Pereira;SmartTV OLED 4k TCL;Julie Horvath;feminino;cartão de crédito
2025-12-14 19:13:34.535178;618;Salvador;Carla Montenegro;PlayStation 5;William Pitts;masculino;pix
2025-12-14 20:06:33.318145;619;Fortaleza;Matheus Pereira;Smartphone Samsung Galaxy;Katrina Garrity;feminino;cartão de crédito
2025-12-15 09:47:34.535465;620;São Paulo;Floriana Peixoto;SmartTV OLED 4k TCL;Crystal Martin;feminino;pix
2025-12-15 11:10:32.285658;621;Recife;Carlos Silva;SmartTV OLED 4k TCL;Toni Jean;feminino;boleto
2025-12-15 12:19:35.848836;622;Fortaleza;Matheus Pereira;PlayStation 5;Sherrill Willis;feminino;cartão de crédito
2025-12-15 12:28:35.744143;623;Recife;Fernanda Costa;PlayStation 5;Cathy Bryant;feminino;boleto
2025-12-15 18:30:34.183251;624;Fortaleza;Matheus Pereira;Geladeira Eletrolux;Mabel Brown;feminino;boleto
2025-12-15 19:58:35.063381;625;São Paulo;Floriana Peixoto;PlayStation 5;Latonia Mortimer;feminino;pix
2025-12-16 10:04:35.992245;626;Recife;Carlos Silva;SmartTV OLED 4k TCL;James Toher;masculino;boleto
2025-12-16 10:20:35.712342;627;Recife;Fernanda Costa;Smartwatch QCY;Douglas Flatley;masculino;dinheiro
2025-12-16 11:03:35.888429;628;Salvador;Francisco José;Smartphone Samsung Galaxy;Jeanne Gorsuch;feminino;dinheiro
2025-12-16 11:46:36.239039;629;Salvador;Francisco José;Smartwatch QCY;Mary Lard;feminino;dinheiro
2025-12-16 12:01:34.126741;630;São Paulo;Maurício Peçanha;Smartphone Samsung Galaxy;Francis Wade;masculino;pix
2025-12-16 13:30:34.584561;631;São Paulo;Maurício Peçanha;Smartphone Samsung Galaxy;Brandon Stevenson;masculino;dinheiro
2025-12-16 15:16:32.617851;632;Salvador;Francisco José;Smartphone Samsung Galaxy;Marilyn Miller;feminino;pix
2025-12-16 15:55:35.362624;633;Fortaleza;Matheus Pereira;Smartwatch QCY;David Leclair;masculino;dinheiro
2025-12-16 20:38:35.805822;634;Recife;Carlos Silva;Smartphone Samsung Galaxy;Gary Graven;masculino;dinheiro
2025-12-17 11:15:34.934901;635;Natal;Clara Neves;PlayStation 5;Martin Washington;masculino;pix
2025-12-17 11:23:32.385571;636;Fortaleza;Matheus Pereira;Smartwatch QCY;Otis Ray;masculino;boleto
2025-12-17 11:24:33.123597;637;Salvador;Francisco José;Smartphone Samsung Galaxy;Loretta Farah;feminino;dinheiro
2025-12-17 18:20:33.331926;638;Salvador;Carla Montenegro;Smartwatch QCY;Steven Rubio;masculino;dinheiro
2025-12-18 13:14:35.846280;639;Salvador;Carla Montenegro;Smartphone Samsung Galaxy;James Suzuki;masculino;boleto
2025-12-18 14:35:36.247778;640;Natal;João Pedro;Smartwatch QCY;Darrell Martini;masculino;cartão de crédito
2025-12-18 17:02:33.959306;641;Recife;Carlos Silva;Geladeira Eletrolux;Karey Fonseca;feminino;pix
2025-12-18 18:12:35.642025;642;Natal;Clara Neves;Smartphone Samsung Galaxy;Maria Fitzpatrick;feminino;pix
2025-12-18 18:39:33.357852;643;Recife;Fernanda Costa;Geladeira Eletrolux;Katie Kelly;feminino;boleto
2025-12-19 10:39:34.988868;644;Salvador;Carla Montenegro;PlayStation 5;Soon Jorge;feminino;cartão de crédito
2025-12-19 12:12:34.670419;645;Fortaleza;Matheus Pereira;SmartTV OLED 4k TCL;Vanessa Clark;feminino;pix
2025-12-19 14:01:35.945353;646;Fortaleza;Matheus Pereira;Smartwatch QCY;Colleen Torres;feminino;dinheiro
2025-12-19 14:55:32.879552;647;Natal;Clara Neves;PlayStation 5;Faye Morrison;feminino;cartão de crédito
2025-12-19 20:28:33.131028;648;Natal;Clara Neves;Smartwatch QCY;Kenneth Goetz;masculino;cartão de crédito
2025-12-20 12:30:35.701658;649;São Paulo;Floriana Peixoto;Smartwatch QCY;Ramon Orr;masculino;dinheiro
2025-12-20 14:33:33.065509;650;Natal;João Pedro;Smartwatch QCY;Susanna Owens;feminino;cartão de crédito
2025-12-20 16:02:32.255529;651;São Paulo;Maurício Peçanha;Smartwatch QCY;Dean Gillis;masculino;boleto
2025-12-20 16:46:36.043978;652;São Paulo;Floriana Peixoto;Smartphone Samsung Galaxy;William Galeano;masculino;pix
2025-12-21 11:05:32.237277;653;Salvador;Carla Montenegro;Smartwatch QCY;Amy Starnes;feminino;cartão de crédito
2025-12-21 11:50:33.601628;654;São Paulo;Floriana Peixoto;SmartTV OLED 4k TCL;Reinaldo Moreland;masculino;dinheiro
2025-12-21 12:01:34.833848;655;Recife;Fernanda Costa;Smartwatch QCY;Simone Staplins;feminino;dinheiro
2025-12-21 13:12:34.642664;656;Fortaleza;Ana Oliveira;Smartwatch QCY;Frank Locke;masculino;cartão de crédito
2025-12-21 13:23:32.544021;657;São Paulo;Floriana Peixoto;SmartTV OLED 4k TCL;Stella Jones;feminino;pix
2025-12-21 16:11:33.486348;658;Recife;Fernanda Costa;PlayStation 5;Mark Campbell;masculino;boleto
2025-12-21 17:09:34.675689;659;Salvador;Francisco José;Smartphone Samsung Galaxy;Bessie Sparks;feminino;dinheiro
2025-12-21 18:08:32.818022;660;São Paulo;Maurício Peçanha;Smartwatch QCY;Dennis Malcolm;masculino;boleto
2025-12-21 18:24:32.999110;661;São Paulo;Floriana Peixoto;Geladeira Eletrolux;David Milam;masculino;boleto
2025-12-21 19:22:32.174751;662;São Paulo;Floriana Peixoto;PlayStation 5;Donna Tudor;feminino;dinheiro
2025-12-21 19:34:32.557834;663;Salvador;Carla Montenegro;Geladeira Eletrolux;John Franzen;masculino;boleto
2025-12-22 12:44:34.690230;664;Fortaleza;Ana Oliveira;Smartwatch QCY;Leroy Garcia;masculino;cartão de crédito
2025-12-22 18:56:32.615456;665;Salvador;Carla Montenegro;Geladeira Eletrolux;Edward Bostic;masculino;pix
2025-12-22 20:29:35.971363;666;Fortaleza;Matheus Pereira;SmartTV OLED 4k TCL;Georgina Guieb;feminino;pix
2025-12-23 13:05:35.202259;667;Natal;Clara Neves;Smartphone Samsung Galaxy;Rigoberto Smith;masculino;cartão de crédito
2025-12-23 14:05:35.607986;668;São Paulo;Floriana Peixoto;PlayStation 5;Andrew Gallegos;masculino;dinheiro
2025-12-23 14:45:34.701977;669;Natal;João Pedro;Geladeira Eletrolux;Steven Pies;masculino;dinheiro
2025-12-23 15:09:36.122959;670;São Paulo;Maurício Peçanha;Smartwatch QCY;Bobbie Serrell;feminino;cartão de crédito
2025-12-23 17:29:35.540975;671;São Paulo;Maurício Peçanha;Smartwatch QCY;Delores Houle;feminino;boleto
2025-12-23 17:43:33.937290;672;Salvador;Carla Montenegro;Geladeira Eletrolux;Sharon Scarlato;feminino;dinheiro
2025-12-24 11:17:33.862413;673;Natal;Clara Neves;Smartphone Samsung Galaxy;Ciera Barela;feminino;pix
2025-12-24 12:21:32.365770;674;Salvador;Carla Montenegro;Geladeira Eletrolux;George Silva;masculino;cartão de crédito
2025-12-24 17:46:32.747065;675;Fortaleza;Ana Oliveira;Geladeira Eletrolux;Ashley Hamburger;feminino;pix
2025-12-25 18:04:34.643037;676;Recife;Carlos Silva;Smartwatch QCY;Mark Houis;masculino;pix
2025-12-25 18:08:35.843848;677;Recife;Fernanda Costa;PlayStation 5;Paul Lollis;masculino;cartão de crédito
2025-12-25 19:11:33.085679;678;São Paulo;Maurício Peçanha;Geladeira Eletrolux;John Evers;masculino;boleto
2025-12-26 10:37:36.189144;679;Fortaleza;Matheus Pereira;Geladeira Eletrolux;Ronnie Buck;masculino;dinheiro
2025-12-26 11:04:32.526283;680;São Paulo;Maurício Peçanha;Geladeira Eletrolux;Timothy Kirby;masculino;boleto
2025-12-26 11:52:33.915159;681;Natal;João Pedro;SmartTV OLED 4k TCL;Carolyn Freeman;feminino;cartão de crédito
2025-12-26 13:41:36.094009;682;Salvador;Carla Montenegro;PlayStation 5;Heather Magill;feminino;cartão de crédito
2025-12-26 18:20:36.395625;683;Salvador;Carla Montenegro;SmartTV OLED 4k TCL;Nancy Thomas;feminino;dinheiro
2025-12-27 10:12:32.752208;684;São Paulo;Floriana Peixoto;Smartphone Samsung Galaxy;Tracy Cooper;feminino;cartão de crédito
2025-12-27 10:59:34.692703;685;Recife;Fernanda Costa;SmartTV OLED 4k TCL;Tami Klinger;feminino;cartão de crédito
2025-12-27 14:49:36.202049;686;Natal;Clara Neves;SmartTV OLED 4k TCL;Jeffery Bair;masculino;dinheiro
2025-12-27 16:19:32.861079;687;Natal;Clara Neves;Geladeira Eletrolux;Rosa Woolem;feminino;boleto
2025-12-28 10:06:34.633679;688;Salvador;Francisco José;Smartphone Samsung Galaxy;Mamie Roof;feminino;boleto
2025-12-28 11:20:36.238341;689;São Paulo;Maurício Peçanha;Smartphone Samsung Galaxy;Nellie Stern;feminino;boleto
2025-12-28 11:36:34.602300;690;Salvador;Francisco José;SmartTV OLED 4k TCL;Marjorie Smail;feminino;dinheiro
2025-12-28 14:36:35.483335;691;Natal;João Pedro;Smartwatch QCY;Regina Anderson;feminino;boleto
2025-12-28 15:29:35.720015;692;Salvador;Francisco José;Smartwatch QCY;Danial Gonzales;masculino;pix
2025-12-28 17:39:35.486999;693;Recife;Fernanda Costa;Smartphone Samsung Galaxy;David Loredo;masculino;cartão de crédito
2025-12-28 18:00:36.122485;694;Natal;João Pedro;Geladeira Eletrolux;Lawrence Glass;masculino;cartão de crédito
2025-12-28 18:31:35.067187;695;Salvador;Carla Montenegro;SmartTV OLED 4k TCL;William Milner;masculino;boleto
2025-12-29 11:24:34.161659;696;São Paulo;Maurício Peçanha;Smartphone Samsung Galaxy;Chris Zayas;masculino;pix
2025-12-29 13:56:32.717882;697;Recife;Carlos Silva;PlayStation 5;Eileen Rawson;feminino;pix
2025-12-29 14:59:34.297746;698;Salvador;Carla Montenegro;SmartTV OLED 4k TCL;Barbara Hall;feminino;cartão de crédito
2025-12-29 16:32:33.460849;699;Natal;João Pedro;Geladeira Eletrolux;Ruth Duncan;feminino;cartão de crédito
2025-12-29 16:42:36.439578;700;Fortaleza;Ana Oliveira;Geladeira Eletrolux;Jason Perron;masculino;boleto
2025-12-29 17:20:36.379690;701;Recife;Carlos Silva;SmartTV OLED 4k TCL;Dawn Carr;feminino;dinheiro
2025-12-29 18:01:35.484222;702;Natal;João Pedro;PlayStation 5;Nicholas Freeman;masculino;pix
2025-12-29 20:24:34.236455;703;São Paulo;Floriana Peixoto;Smartwatch QCY;Joyce Groth;feminino;boleto
2025-12-29 20:43:35.478745;704;Natal;João Pedro;Smartphone Samsung Galaxy;Michael Tutt;masculino;boleto
2025-12-30 10:41:32.358617;705;Fortaleza;Matheus Pereira;SmartTV OLED 4k TCL;Ahmad Reed;masculino;pix
2025-12-30 11:04:36.296794;706;Fortaleza;Matheus Pereira;Smartphone Samsung Galaxy;Diane Tsosie;feminino;boleto
2025-12-30 11:36:36.318658;707;Natal;João Pedro;Smartwatch QCY;Kenneth Dargan;masculino;dinheiro
2025-12-30 14:55:34.428305;708;São Paulo;Maurício Peçanha;Smartphone Samsung Galaxy;Bruce Hernandez;masculino;cartão de crédito
2025-12-30 16:14:33.147679;709;Recife;Fernanda Costa;Smartwatch QCY;Francisco Gump;masculino;cartão de crédito
2025-12-30 17:05:33.054624;710;Recife;Fernanda Costa;PlayStation 5;Laurie Fenton;feminino;boleto
2025-12-30 18:24:35.630082;711;Salvador;Carla Montenegro;Smartphone Samsung Galaxy;Kimberly Reutzel;feminino;boleto
2025-12-30 20:00:36.085587;712;Natal;Clara Neves;Smartphone Samsung Galaxy;Wilson Reed;masculino;pix
2025-12-31 12:22:32.988833;713;Fortaleza;Matheus Pereira;Geladeira Eletrolux;Lucio Guiles;masculino;pix
2025-12-31 13:59:35.648473;714;Salvador;Carla Montenegro;SmartTV OLED 4k TCL;Amanda Corkill;feminino;dinheiro
2025-12-31 20:23:35.306406;715;Fortaleza;Ana Oliveira;PlayStation 5;Ronald Robinson;masculino;pix
2026-01-01 11:34:34.975234;716;Natal;João Pedro;PlayStation 5;Sally Maggard;feminino;pix
2026-01-01 11:38:36.201408;717;São Paulo;Maurício Peçanha;PlayStation 5;Grover Meadows;masculino;cartão de crédito
2026-01-01 12:29:33.365627;718;Recife;Fernanda Costa;SmartTV OLED 4k TCL;Erline Kuehne;feminino;pix
2026-01-01 13:31:33.980155;719;Recife;Carlos Silva;PlayStation 5;Helen Luechtefeld;feminino;dinheiro
2026-01-01 14:50:33.975044;720;Recife;Fernanda Costa;Smartphone Samsung Galaxy;Florence Pilcher;feminino;cartão de crédito
2026-01-01 16:19:32.368723;721;São Paulo;Maurício Peçanha;Smartphone Samsung Galaxy;Mary Garza;feminino;dinheiro
2026-01-01 16:59:35.249590;722;Recife;Fernanda Costa;Smartwatch QCY;Kelly Blando;feminino;boleto
2026-01-02 11:44:32.906010;723;Natal;Clara Neves;Smartwatch QCY;Hal Diaz;masculino;dinheiro
2026-01-02 12:33:34.881903;724;Natal;João Pedro;SmartTV OLED 4k TCL;Tonya Myers;feminino;cartão de crédito
2026-01-02 16:11:34.635333;725;Natal;João Pedro;Smartphone Samsung Galaxy;Robert Roussel;masculino;cartão de crédito
2026-01-02 17:17:35.124194;726;Salvador;Francisco José;Smartwatch QCY;Robert Kehew;masculino;boleto
2026-01-03 11:43:33.134838;727;Salvador;Francisco José;Smartwatch QCY;Melissa Moore;feminino;pix
2026-01-03 13:04:35.483445;728;Natal;João Pedro;Geladeira Eletrolux;James Mendoza;masculino;dinheiro
2026-01-03 17:43:33.900645;729;Recife;Carlos Silva;Geladeira Eletrolux;Dorothy Totaro;feminino;dinheiro
2026-01-03 18:05:32.956899;730;São Paulo;Maurício Peçanha;SmartTV OLED 4k TCL;Lillian Corcoran;feminino;dinheiro
2026-01-03 19:26:33.284761;731;Recife;Carlos Silva;Geladeira Eletrolux;Margaret Ware;feminino;dinheiro
2026-01-04 10:28:33.225592;732;Salvador;Carla Montenegro;SmartTV OLED 4k TCL;Jennifer Pezzuti;feminino;dinheiro
2026-01-04 14:09:36.156987;733;Natal;Clara Neves;SmartTV OLED 4k TCL;Chelsea Gonzales;feminino;cartão de crédito
2026-01-04 14:38:33.056137;734;Fortaleza;Ana Oliveira;Smartwatch QCY;Norman Rudzinski;masculino;cartão de crédito
2026-01-04 15:01:32.272028;735;Fortaleza;Ana Oliveira;PlayStation 5;Evelyn Husted;feminino;dinheiro
2026-01-05 11:13:34.746742;736;São Paulo;Maurício Peçanha;Smartphone Samsung Galaxy;Jonathan Thompson;masculino;pix
2026-01-05 14:34:32.314106;737;Salvador;Francisco José;Smartwatch QCY;Frederick Carreras;masculino;pix
2026-01-05 16:46:34.299388;738;Fortaleza;Matheus Pereira;SmartTV OLED 4k TCL;Melanie Balk;feminino;cartão de crédito
2026-01-05 17:42:34.127568;739;São Paulo;Maurício Peçanha;Smartphone Samsung Galaxy;Lynn Webb;feminino;dinheiro
2026-01-05 17:58:35.432834;740;Natal;Clara Neves;Smartphone Samsung Galaxy;Lloyd Norton;masculino;dinheiro
2026-01-05 19:43:34.935037;741;Natal;Clara Neves;Smartwatch QCY;Rafael Getter;masculino;cartão de crédito
2026-01-06 13:50:33.588575;742;Fortaleza;Ana Oliveira;Geladeira Eletrolux;Marlene Horst;feminino;cartão de crédito
2026-01-06 14:27:34.215576;743;Fortaleza;Ana Oliveira;Geladeira Eletrolux;Sheila Anderson;feminino;boleto
2026-01-06 14:53:35.744551;744;Natal;João Pedro;Geladeira Eletrolux;Ester Knab;feminino;boleto
2026-01-06 16:49:33.890672;745;São Paulo;Maurício Peçanha;SmartTV OLED 4k TCL;Logan Wade;masculino;boleto
2026-01-07 11:53:35.954796;746;São Paulo;Maurício Peçanha;Geladeira Eletrolux;Dustin Jones;masculino;dinheiro
2026-01-07 14:03:33.756780;747;Salvador;Francisco José;PlayStation 5;Eva Murphy;feminino;dinheiro
2026-01-07 16:29:35.679199;748;Natal;Clara Neves;PlayStation 5;Amy Uhlig;feminino;pix
2026-01-08 10:16:32.688882;749;Natal;João Pedro;Smartwatch QCY;Elyse Luna;feminino;pix
2026-01-08 13:15:33.620233;750;Fortaleza;Matheus Pereira;Geladeira Eletrolux;Natalie Nash;feminino;dinheiro
2026-01-08 15:56:34.145433;751;Natal;João Pedro;PlayStation 5;Elias Rogers;masculino;dinheiro
2026-01-08 17:41:32.960544;752;São Paulo;Floriana Peixoto;Geladeira Eletrolux;Tracey Metters;feminino;cartão de crédito
2026-01-08 19:01:33.696628;753;São Paulo;Maurício Peçanha;Smartphone Samsung Galaxy;Gary James;masculino;pix
2026-01-09 11:48:34.549614;754;São Paulo;Maurício Peçanha;Smartphone Samsung Galaxy;Nicholas Barr;masculino;boleto
2026-01-09 13:20:32.366558;755;Fortaleza;Matheus Pereira;Geladeira Eletrolux;Betty Jones;feminino;boleto
2026-01-09 13:43:32.201796;756;Natal;João Pedro;SmartTV OLED 4k TCL;Arlene Yates;feminino;cartão de crédito
2026-01-09 15:12:35.406665;757;Recife;Fernanda Costa;Geladeira Eletrolux;Christina Stephens;feminino;dinheiro
2026-01-09 15:19:33.963531;758;Fortaleza;Ana Oliveira;PlayStation 5;Dwight Keenan;masculino;boleto
2026-01-09 15:29:35.711535;759;Natal;Clara Neves;SmartTV OLED 4k TCL;Holly Segura;feminino;dinheiro
2026-01-09 17:48:32.369175;760;Fortaleza;Ana Oliveira;Smartwatch QCY;William Webb;masculino;cartão de crédito
2026-01-09 19:35:33.329475;761;Salvador;Carla Montenegro;SmartTV OLED 4k TCL;Amber Louis;feminino;dinheiro
2026-01-09 20:10:32.423204;762;Fortaleza;Matheus Pereira;Smartwatch QCY;Brad Grant;masculino;pix
2026-01-10 13:38:34.505441;763;São Paulo;Floriana Peixoto;Smartphone Samsung Galaxy;Maria Beauprez;feminino;cartão de crédito
2026-01-10 15:13:35.362520;764;Natal;Clara Neves;Geladeira Eletrolux;Jeffery Robinson;masculino;boleto
2026-01-10 16:43:36.232877;765;Natal;João Pedro;PlayStation 5;Mario Frederickson;masculino;dinheiro
2026-01-10 18:38:32.543795;766;Natal;Clara Neves;Geladeira Eletrolux;Barbara Harrell;feminino;dinheiro
2026-01-10 19:27:33.996506;767;Natal;João Pedro;Geladeira Eletrolux;Stephen Harmon;masculino;cartão de crédito
2026-01-10 20:36:34.541444;768;Recife;Carlos Silva;Smartwatch QCY;Ronald Chapman;masculino;dinheiro
2026-01-11 11:03:32.731334;769;Recife;Fernanda Costa;Smartwatch QCY;Laronda Ally;feminino;pix
2026-01-11 13:04:32.692054;770;Recife;Carlos Silva;Smartwatch QCY;Douglas James;masculino;dinheiro
2026-01-11 14:52:34.757947;771;São Paulo;Maurício Peçanha;Smartwatch QCY;Gregory Moisan;masculino;cartão de crédito
2026-01-11 16:15:35.956011;772;Natal;João Pedro;PlayStation 5;Alethia Kosloski;feminino;cartão de crédito
2026-01-11 16:19:34.665559;773;Recife;Fernanda Costa;SmartTV OLED 4k TCL;Marie Wright;feminino;dinheiro
2026-01-11 16:41:35.813644;774;Salvador;Francisco José;Smartwatch QCY;Karina Zuehlke;feminino;dinheiro
2026-01-11 19:04:33.350689;775;Fortaleza;Matheus Pereira;Smartwatch QCY;Bessie Smith;feminino;pix
2026-01-12 11:16:32.988748;776;Fortaleza;Ana Oliveira;Smartphone Samsung Galaxy;George Watson;masculino;dinheiro
2026-01-12 11:56:35.876353;777;Fortaleza;Ana Oliveira;SmartTV OLED 4k TCL;Debra Salter;feminino;pix
2026-01-12 15:05:35.708464;778;Fortaleza;Ana Oliveira;SmartTV OLED 4k TCL;Jon Pitcock;masculino;boleto
2026-01-12 15:21:32.148106;779;São Paulo;Floriana Peixoto;SmartTV OLED 4k TCL;Retha Wilson;feminino;dinheiro
2026-01-12 15:31:33.797847;780;Recife;Carlos Silva;PlayStation 5;Gloria Rivera;feminino;dinheiro
2026-01-12 17:33:34.447965;781;Fortaleza;Matheus Pereira;SmartTV OLED 4k TCL;Sylvester Perry;masculino;dinheiro
2026-01-12 18:38:35.574678;782;Salvador;Carla Montenegro;Smartphone Samsung Galaxy;Lois Hager;feminino;cartão de crédito
2026-01-13 10:38:35.701951;783;Natal;João Pedro;Geladeira Eletrolux;Ruben Skeeter;masculino;cartão de crédito
2026-01-13 13:25:35.516956;784;Natal;João Pedro;Geladeira Eletrolux;Paul Narro;masculino;pix
2026-01-13 15:14:34.277063;785;Natal;Clara Neves;Smartphone Samsung Galaxy;Tony Trent;masculino;boleto
2026-01-13 18:29:36.083406;786;São Paulo;Maurício Peçanha;Geladeira Eletrolux;Robert Mcguire;masculino;cartão de crédito
2026-01-14 13:56:35.148571;787;Recife;Fernanda Costa;Geladeira Eletrolux;James Bright;masculino;pix
2026-01-14 18:48:34.657437;788;Salvador;Francisco José;PlayStation 5;Graciela Plymel;feminino;pix
2026-01-15 11:26:33.653689;789;Natal;João Pedro;PlayStation 5;Nancy Anton;feminino;pix
2026-01-15 14:53:34.631366;790;Natal;Clara Neves;Smartwatch QCY;Kathleen Trusty;feminino;pix
2026-01-15 15:07:34.695940;791;Recife;Carlos Silva;Smartwatch QCY;Norman Agosta;masculino;boleto
2026-01-15 18:06:36.152674;792;Recife;Fernanda Costa;Smartwatch QCY;Rodger Klatt;masculino;pix
2026-01-15 19:40:35.570797;793;Fortaleza;Ana Oliveira;SmartTV OLED 4k TCL;Elizabeth Anderson;feminino;boleto
2026-01-16 14:00:35.831202;794;Fortaleza;Ana Oliveira;SmartTV OLED 4k TCL;Xochitl Atkinson;feminino;pix
2026-01-16 14:53:32.975141;795;Fortaleza;Matheus Pereira;Smartphone Samsung Galaxy;Nathan Kenyon;masculino;pix
2026-01-16 14:53:34.427604;796;Fortaleza;Matheus Pereira;SmartTV OLED 4k TCL;Dee Garcia;feminino;cartão de crédito
2026-01-16 15:27:35.023161;797;Natal;Clara Neves;Geladeira Eletrolux;Eleanor Stubbs;feminino;boleto
2026-01-16 16:11:32.753123;798;São Paulo;Floriana Peixoto;SmartTV OLED 4k TCL;Alicia Welch;feminino;pix
2026-01-16 16:16:35.306481;799;Natal;João Pedro;SmartTV OLED 4k TCL;Myles Hajek;masculino;boleto
2026-01-17 13:07:34.582556;800;Salvador;Carla Montenegro;Smartphone Samsung Galaxy;William Sanchez;masculino;pix
2026-01-17 13:15:34.275921;801;Natal;João Pedro;Geladeira Eletrolux;Juan Amaya;masculino;pix
2026-01-17 16:21:32.988646;802;São Paulo;Maurício Peçanha;Geladeira Eletrolux;Paul Patterson;masculino;dinheiro
2026-01-17 18:20:33.996700;803;Fortaleza;Ana Oliveira;Geladeira Eletrolux;Michael Young;masculino;dinheiro
2026-01-17 19:02:34.941495;804;Natal;Clara Neves;Smartwatch QCY;Jackie White;feminino;dinheiro
2026-01-18 12:34:34.692355;805;Fortaleza;Matheus Pereira;PlayStation 5;Christopher Brandt;masculino;pix
2026-01-18 15:27:34.549862;806;São Paulo;Floriana Peixoto;Geladeira Eletrolux;Beverly Steele;feminino;pix
2026-01-18 18:55:36.395703;807;Fortaleza;Matheus Pereira;SmartTV OLED 4k TCL;Yolanda Soto;feminino;pix
2026-01-18 20:21:35.942576;808;São Paulo;Floriana Peixoto;Smartphone Samsung Galaxy;Becky Stanford;feminino;cartão de crédito
2026-01-19 10:12:35.340067;809;Natal;Clara Neves;Smartphone Samsung Galaxy;Peter Hipps;masculino;dinheiro
2026-01-19 11:04:33.813047;810;Salvador;Carla Montenegro;Geladeira Eletrolux;Leone Golson;feminino;cartão de crédito
2026-01-19 11:16:33.496511;811;São Paulo;Floriana Peixoto;Geladeira Eletrolux;Milton Gill;masculino;pix
2026-01-19 11:35:35.657324;812;Salvador;Francisco José;PlayStation 5;Wayne Demers;masculino;pix
2026-01-19 13:30:33.427581;813;Natal;João Pedro;Smartwatch QCY;Ai Brittain;feminino;cartão de crédito
2026-01-19 16:14:36.434765;814;Recife;Fernanda Costa;Smartwatch QCY;Josie Sutton;feminino;dinheiro
2026-01-19 20:39:32.908390;815;Fortaleza;Matheus Pereira;Geladeira Eletrolux;Robert Reid;masculino;boleto
2026-01-20 11:01:32.426193;816;Fortaleza;Matheus Pereira;Smartphone Samsung Galaxy;Neal Hancock;masculino;boleto
2026-01-20 11:59:35.856997;817;Natal;João Pedro;SmartTV OLED 4k TCL;David Munoz;masculino;pix
2026-01-20 12:42:35.541765;818;Salvador;Francisco José;Smartwatch QCY;Connie Engler;feminino;pix
2026-01-20 17:07:34.009143;819;Recife;Carlos Silva;PlayStation 5;Katrina Martinez;feminino;boleto
2026-01-20 17:12:35.150230;820;Natal;Clara Neves;PlayStation 5;Carolyn Nieland;feminino;cartão de crédito
2026-01-20 18:26:32.362627;821;Recife;Fernanda Costa;PlayStation 5;Audrey Clark;feminino;pix
2026-01-21 12:26:33.285070;822;Recife;Carlos Silva;Smartwatch QCY;Trina Miller;feminino;pix
2026-01-21 14:54:36.086593;823;Salvador;Carla Montenegro;Geladeira Eletrolux;Cora Bush;feminino;pix
2026-01-21 20:10:34.238742;824;Recife;Carlos Silva;SmartTV OLED 4k TCL;Audrey Shaw;feminino;dinheiro
2026-01-22 09:56:35.582946;825;Fortaleza;Matheus Pereira;Smartwatch QCY;Kara Priest;feminino;boleto
2026-01-22 10:04:36.249737;826;São Paulo;Maurício Peçanha;SmartTV OLED 4k TCL;Gloria Sims;feminino;dinheiro
2026-01-22 10:06:33.922132;827;Fortaleza;Matheus Pereira;SmartTV OLED 4k TCL;Jennifer Sisco;feminino;cartão de crédito
2026-01-22 14:55:34.976791;828;Salvador;Carla Montenegro;SmartTV OLED 4k TCL;Walter Buck;masculino;dinheiro
2026-01-22 17:44:35.570533;829;Recife;Carlos Silva;Geladeira Eletrolux;Heather Mccullough;feminino;dinheiro
2026-01-22 19:43:35.891625;830;Salvador;Carla Montenegro;Geladeira Eletrolux;Gary Roberts;masculino;pix
2026-01-22 20:36:36.494216;831;Fortaleza;Matheus Pereira;Smartwatch QCY;Ann Brown;feminino;pix
2026-01-23 10:58:33.960857;832;Fortaleza;Ana Oliveira;SmartTV OLED 4k TCL;Amanda Gibson;feminino;cartão de crédito
2026-01-23 12:46:35.848530;833;Fortaleza;Ana Oliveira;SmartTV OLED 4k TCL;Linda Moreno;feminino;dinheiro
2026-01-23 15:08:32.817118;834;Salvador;Carla Montenegro;Geladeira Eletrolux;Andre Reynolds;masculino;cartão de crédito
2026-01-23 17:50:35.963380;835;Salvador;Carla Montenegro;Smartwatch QCY;Angel Tolle;feminino;boleto
2026-01-23 18:13:33.088519;836;Recife;Fernanda Costa;Geladeira Eletrolux;Beulah Fox;feminino;pix
2026-01-23 19:55:33.763207;837;Fortaleza;Matheus Pereira;PlayStation 5;Justin Lieberman;masculino;cartão de crédito
2026-01-24 13:16:35.384241;838;Natal;Clara Neves;PlayStation 5;Silas Reece;masculino;dinheiro
2026-01-24 13:37:34.869716;839;São Paulo;Floriana Peixoto;SmartTV OLED 4k TCL;Barbara Rivera;feminino;cartão de crédito
2026-01-24 13:52:35.248409;840;Recife;Fernanda Costa;PlayStation 5;Melinda Jeffries;feminino;dinheiro
2026-01-24 15:44:33.507359;841;São Paulo;Maurício Peçanha;Smartwatch QCY;Mary Sander;feminino;pix
2026-01-24 17:11:36.354223;842;Fortaleza;Matheus Pereira;Geladeira Eletrolux;Brent Langdon;masculino;cartão de crédito
2026-01-24 18:56:33.132115;843;São Paulo;Floriana Peixoto;Smartwatch QCY;Rosa Johnson;feminino;dinheiro
2026-01-24 19:58:33.559302;844;São Paulo;Maurício Peçanha;Geladeira Eletrolux;Mabel Cudney;feminino;boleto
2026-01-25 13:45:35.581533;845;Recife;Fernanda Costa;Smartwatch QCY;Bethel Thomas;feminino;dinheiro
2026-01-25 15:05:35.052673;846;São Paulo;Floriana Peixoto;Geladeira Eletrolux;Gerry Ramos;feminino;pix
2026-01-25 16:04:34.727800;847;Recife;Carlos Silva;Smartwatch QCY;Darrick Yang;masculino;pix
2026-01-25 17:00:36.494475;848;Fortaleza;Ana Oliveira;Smartwatch QCY;Tina Parks;feminino;dinheiro
2026-01-25 17:10:33.620871;849;Natal;Clara Neves;Geladeira Eletrolux;Alene Spiers;feminino;boleto
2026-01-25 19:00:35.312527;850;São Paulo;Maurício Peçanha;Geladeira Eletrolux;Scott Thompson;masculino;dinheiro
2026-01-25 20:42:33.419876;851;Fortaleza;Matheus Pereira;PlayStation 5;Brittany Maco;feminino;boleto
2026-01-26 09:55:32.719644;852;São Paulo;Floriana Peixoto;SmartTV OLED 4k TCL;Albert Straub;masculino;boleto
2026-01-26 10:02:34.243343;853;Recife;Fernanda Costa;Smartwatch QCY;George Mattox;masculino;boleto
2026-01-26 12:22:34.042848;854;Fortaleza;Matheus Pereira;PlayStation 5;Rachael Fox;feminino;cartão de crédito
2026-01-26 12:45:36.281984;855;Natal;Clara Neves;Smartwatch QCY;Joseph Kessler;masculino;boleto
2026-01-26 16:02:36.322264;856;Fortaleza;Matheus Pereira;Geladeira Eletrolux;Chad Smith;masculino;boleto
2026-01-26 16:08:32.365905;857;Recife;Carlos Silva;SmartTV OLED 4k TCL;Andres Stout;masculino;dinheiro
2026-01-26 18:18:33.385115;858;Recife;Carlos Silva;SmartTV OLED 4k TCL;David Allen;masculino;dinheiro
2026-01-26 18:49:34.582636;859;Recife;Fernanda Costa;Geladeira Eletrolux;Tabitha Stewart;feminino;pix
2026-01-27 09:47:33.000115;860;Salvador;Francisco José;PlayStation 5;Lindsey Friedman;feminino;pix
2026-01-27 12:28:33.807992;861;Natal;Clara Neves;Smartphone Samsung Galaxy;Jorge Moris;masculino;cartão de crédito
2026-01-27 13:18:33.221199;862;Natal;Clara Neves;Geladeira Eletrolux;William Tuttle;masculino;cartão de crédito
2026-01-27 13:24:34.589624;863;Salvador;Carla Montenegro;PlayStation 5;Gabriel Lefeber;masculino;cartão de crédito
2026-01-27 13:50:36.026077;864;Recife;Carlos Silva;Geladeira Eletrolux;Delmer Taylor;masculino;dinheiro
2026-01-27 15:11:36.510097;865;Salvador;Francisco José;Geladeira Eletrolux;Denisha Mathews;feminino;pix
2026-01-27 19:36:35.220756;866;Natal;João Pedro;Geladeira Eletrolux;Peter Baker;masculino;boleto
2026-01-28 12:41:36.224295;867;São Paulo;Maurício Peçanha;Smartwatch QCY;Louise Hall;feminino;pix
2026-01-28 14:22:34.068166;868;Salvador;Francisco José;Smartwatch QCY;James Palm;masculino;cartão de crédito
2026-01-28 18:24:35.952487;869;São Paulo;Floriana Peixoto;Geladeira Eletrolux;Shirley Jordan;feminino;boleto
2026-01-28 18:42:33.328824;870;Salvador;Carla Montenegro;Smartphone Samsung Galaxy;Donald Young;masculino;boleto
2026-01-29 10:59:34.117855;871;São Paulo;Floriana Peixoto;Geladeira Eletrolux;Clinton Doepke;masculino;boleto
2026-01-29 14:13:33.135062;872;São Paulo;Maurício Peçanha;Smartwatch QCY;Stacy Breitbart;feminino;boleto
2026-01-29 14:57:34.235679;873;Recife;Fernanda Costa;Geladeira Eletrolux;Timothy Robinson;masculino;dinheiro
2026-01-30 10:00:32.818871;874;Fortaleza;Ana Oliveira;Smartphone Samsung Galaxy;James Beyah;masculino;dinheiro
2026-01-30 13:15:36.147506;875;Salvador;Francisco José;SmartTV OLED 4k TCL;Jillian Ward;feminino;boleto
2026-01-30 17:23:35.905697;876;São Paulo;Floriana Peixoto;Geladeira Eletrolux;Shannon Garcia;feminino;pix
2026-01-30 18:43:32.771500;877;São Paulo;Maurício Peçanha;SmartTV OLED 4k TCL;Jeffrey Gentles;masculino;cartão de crédito
2026-01-30 18:49:34.676953;878;Recife;Carlos Silva;Smartwatch QCY;Kenneth Williams;masculino;pix
2026-01-31 11:20:32.542501;879;Salvador;Francisco José;SmartTV OLED 4k TCL;Elizabeth Kiser;feminino;boleto
2026-01-31 13:29:34.491821;880;Recife;Carlos Silva;PlayStation 5;Regina Hsiao;feminino;boleto
2026-01-31 14:03:34.334846;881;Natal;João Pedro;SmartTV OLED 4k TCL;Darla Knox;feminino;cartão de crédito
2026-01-31 14:34:34.091693;882;Natal;Clara Neves;Smartwatch QCY;Michael Petrik;masculino;cartão de crédito
2026-01-31 15:43:36.524112;883;Fortaleza;Ana Oliveira;Smartphone Samsung Galaxy;Stanley Sanchez;masculino;boleto
2026-01-31 17:45:35.893229;884;Recife;Carlos Silva;PlayStation 5;Jeffrey Mceachran;masculino;boleto
2026-02-01 12:06:33.347626;885;São Paulo;Floriana Peixoto;Smartwatch QCY;Judson Haynie;masculino;boleto
2026-02-01 15:40:33.486679;886;São Paulo;Maurício Peçanha;Smartwatch QCY;Roberta Lodge;feminino;boleto
2026-02-01 16:35:34.069584;887;Fortaleza;Ana Oliveira;PlayStation 5;Dave Croteau;masculino;boleto
2026-02-01 17:09:32.363287;888;São Paulo;Maurício Peçanha;Geladeira Eletrolux;Edna David;feminino;boleto
2026-02-01 18:00:34.063969;889;Salvador;Francisco José;Geladeira Eletrolux;Paul Ross;masculino;cartão de crédito
2026-02-02 10:44:36.147868;890;Natal;Clara Neves;Geladeira Eletrolux;Warren Burgess;masculino;dinheiro
2026-02-02 16:41:32.813290;891;Fortaleza;Ana Oliveira;Geladeira Eletrolux;Janice Wyble;feminino;cartão de crédito
2026-02-02 16:45:33.437921;892;Fortaleza;Ana Oliveira;Smartwatch QCY;Cindy Butz;feminino;cartão de crédito
2026-02-02 17:10:33.628505;893;Natal;Clara Neves;PlayStation 5;Michael Zimmerman;masculino;dinheiro
2026-02-02 18:01:32.836201;894;Natal;João Pedro;Geladeira Eletrolux;Alisa Harris;feminino;dinheiro
2026-02-02 20:24:35.832182;895;Natal;Clara Neves;PlayStation 5;Terry Taylor;masculino;pix
2026-02-02 20:39:34.216944;896;São Paulo;Maurício Peçanha;Smartwatch QCY;Richard Lavette;masculino;cartão de crédito
2026-02-02 20:43:32.287969;897;Recife;Fernanda Costa;Geladeira Eletrolux;Michael Hawkins;masculino;pix
2026-02-03 10:26:35.012848;898;Recife;Fernanda Costa;Geladeira Eletrolux;Theresa Middleton;feminino;pix
2026-02-04 12:47:32.204280;899;Fortaleza;Matheus Pereira;SmartTV OLED 4k TCL;Dorothy Hill;feminino;pix
2026-02-04 13:04:32.752996;900;Salvador;Carla Montenegro;SmartTV OLED 4k TCL;William Hunt;masculino;cartão de crédito
2026-02-04 14:08:32.957581;901;Natal;Clara Neves;SmartTV OLED 4k TCL;Shelia Alley;feminino;boleto
2026-02-04 15:58:33.432266;902;Fortaleza;Matheus Pereira;SmartTV OLED 4k TCL;Maurice Campbell;masculino;boleto
2026-02-04 18:58:33.812911;903;Natal;Clara Neves;Geladeira Eletrolux;Jerome Allen;masculino;pix
2026-02-05 10:45:34.357176;904;São Paulo;Floriana Peixoto;PlayStation 5;Willie Davis;masculino;cartão de crédito
2026-02-05 11:52:33.827231;905;Natal;Clara Neves;Smartwatch QCY;Leola Childs;feminino;pix
2026-02-05 12:22:33.486470;906;Fortaleza;Ana Oliveira;Geladeira Eletrolux;Margaret Palmer;feminino;dinheiro
2026-02-05 13:44:34.672413;907;Fortaleza;Matheus Pereira;PlayStation 5;Scott Biel;masculino;dinheiro
2026-02-05 15:47:35.637525;908;Recife;Carlos Silva;Smartwatch QCY;Daniel Antoine;masculino;pix
2026-02-05 16:17:36.026554;909;São Paulo;Maurício Peçanha;Smartphone Samsung Galaxy;Lori Vanderploeg;feminino;pix
2026-02-05 18:07:33.429667;910;Fortaleza;Matheus Pereira;Smartphone Samsung Galaxy;John Cardoza;masculino;dinheiro
2026-02-05 18:25:33.089354;911;Recife;Fernanda Costa;Geladeira Eletrolux;Mark Joseph;masculino;cartão de crédito
2026-02-05 19:02:35.013498;912;São Paulo;Floriana Peixoto;PlayStation 5;Charles Woods;masculino;pix
2026-02-05 20:04:33.721755;913;Fortaleza;Matheus Pereira;Smartwatch QCY;Ronnie George;masculino;dinheiro
2026-02-06 12:28:33.805660;914;Recife;Fernanda Costa;PlayStation 5;Shira Hennessy;feminino;pix
2026-02-06 14:12:33.511761;915;Natal;João Pedro;Smartwatch QCY;Wesley Wertheimer;masculino;cartão de crédito
2026-02-06 14:39:34.535662;916;Fortaleza;Matheus Pereira;Smartphone Samsung Galaxy;Ronald Ruse;masculino;boleto
2026-02-06 20:40:35.574567;917;São Paulo;Maurício Peçanha;Geladeira Eletrolux;Albert Ramos;masculino;pix
2026-02-07 10:19:35.295773;918;São Paulo;Maurício Peçanha;Smartwatch QCY;Michael Norris;masculino;cartão de crédito
2026-02-07 10:55:32.232702;919;Natal;João Pedro;Smartphone Samsung Galaxy;Michael Santiago;masculino;boleto
2026-02-07 11:53:35.469073;920;São Paulo;Floriana Peixoto;PlayStation 5;Veronica Powell;feminino;dinheiro
2026-02-07 13:03:35.108698;921;São Paulo;Floriana Peixoto;PlayStation 5;Pearl Dial;feminino;dinheiro
2026-02-07 14:36:35.182228;922;Natal;Clara Neves;SmartTV OLED 4k TCL;Joyce Frison;feminino;cartão de crédito
2026-02-07 14:52:33.545275;923;Natal;Clara Neves;Geladeira Eletrolux;Dorothy Colwell;feminino;dinheiro
2026-02-07 16:33:35.469196;924;Fortaleza;Matheus Pereira;PlayStation 5;Edward Owen;masculino;pix
2026-02-07 19:02:33.235262;925;Fortaleza;Ana Oliveira;SmartTV OLED 4k TCL;Arnetta Anderson;feminino;boleto
2026-02-07 19:08:36.328580;926;São Paulo;Maurício Peçanha;PlayStation 5;Gabriela Borton;feminino;pix
2026-02-07 19:35:35.467287;927;Recife;Carlos Silva;Geladeira Eletrolux;Josephine Smith;feminino;dinheiro
2026-02-08 10:32:33.602417;928;São Paulo;Maurício Peçanha;Smartphone Samsung Galaxy;Molly Pereyra;feminino;dinheiro
2026-02-08 12:20:36.225967;929;Fortaleza;Ana Oliveira;PlayStation 5;Raul Danker;masculino;dinheiro
2026-02-08 12:26:34.083827;930;Recife;Fernanda Costa;Smartphone Samsung Galaxy;Allegra Eisner;feminino;boleto
2026-02-08 12:42:33.817252;931;Natal;João Pedro;Geladeira Eletrolux;Diana Bell;feminino;boleto
2026-02-08 13:51:33.472706;932;Fortaleza;Matheus Pereira;Smartwatch QCY;June Perez;feminino;cartão de crédito
2026-02-08 20:08:34.263249;933;São Paulo;Maurício Peçanha;Geladeira Eletrolux;Robert Garcia;masculino;cartão de crédito
2026-02-09 12:46:35.281455;934;São Paulo;Maurício Peçanha;Geladeira Eletrolux;Stephanie Kilpatrick;feminino;boleto
2026-02-09 13:56:35.053326;935;Salvador;Carla Montenegro;SmartTV OLED 4k TCL;Ruby Smith;feminino;dinheiro
2026-02-10 11:20:34.427513;936;Salvador;Carla Montenegro;Smartwatch QCY;Beverly Hill;feminino;cartão de crédito
2026-02-10 14:32:32.624090;937;Salvador;Francisco José;SmartTV OLED 4k TCL;Sammy Williams;masculino;cartão de crédito
2026-02-10 15:28:32.619027;938;Recife;Fernanda Costa;PlayStation 5;Eva Melendez;feminino;pix
2026-02-10 17:43:33.506386;939;Salvador;Carla Montenegro;SmartTV OLED 4k TCL;John Lindsey;masculino;cartão de crédito
2026-02-10 19:39:35.376360;940;Recife;Carlos Silva;Geladeira Eletrolux;Steve Reyna;masculino;cartão de crédito
2026-02-10 20:36:35.638672;941;São Paulo;Maurício Peçanha;Smartwatch QCY;Craig Bogan;masculino;dinheiro
2026-02-11 11:52:33.319751;942;Natal;Clara Neves;Smartwatch QCY;Douglas Hershberger;masculino;dinheiro
2026-02-11 15:17:32.630180;943;São Paulo;Maurício Peçanha;Smartphone Samsung Galaxy;Sarita Chenoweth;feminino;dinheiro
2026-02-11 18:14:32.336224;944;Natal;Clara Neves;Smartwatch QCY;Bernard Malcom;masculino;boleto
2026-02-12 09:50:35.090078;945;Fortaleza;Matheus Pereira;Smartphone Samsung Galaxy;Brandi Schumacher;feminino;cartão de crédito
2026-02-12 11:14:35.513897;946;São Paulo;Floriana Peixoto;Geladeira Eletrolux;Marcia Sweeny;feminino;cartão de crédito
2026-02-12 16:55:32.571696;947;Recife;Carlos Silva;Geladeira Eletrolux;Steven Castle;masculino;dinheiro
2026-02-12 17:22:32.859882;948;Salvador;Francisco José;Geladeira Eletrolux;Heather Davidson;feminino;boleto
2026-02-12 19:21:35.484328;949;Fortaleza;Matheus Pereira;SmartTV OLED 4k TCL;Robert Ferreira;masculino;cartão de crédito
2026-02-13 11:13:33.535804;950;Recife;Carlos Silva;PlayStation 5;Judy Saunders;feminino;boleto
2026-02-13 12:14:35.052546;951;Fortaleza;Ana Oliveira;Smartwatch QCY;Marie Carr;feminino;pix
2026-02-13 13:26:36.392756;952;São Paulo;Maurício Peçanha;Geladeira Eletrolux;Thomas Haase;masculino;dinheiro
2026-02-13 15:51:36.084256;953;Natal;Clara Neves;Smartphone Samsung Galaxy;Deborah Clay;feminino;dinheiro
2026-02-13 18:27:33.070696;954;Recife;Carlos Silva;PlayStation 5;Daniel Wessel;masculino;cartão de crédito
2026-02-13 18:30:35.140054;955;São Paulo;Floriana Peixoto;Smartwatch QCY;Calvin Edwards;masculino;boleto
2026-02-14 10:32:33.960960;956;Recife;Carlos Silva;PlayStation 5;Jessica White;feminino;cartão de crédito
2026-02-14 12:48:33.121004;957;Recife;Carlos Silva;Geladeira Eletrolux;Justin Tutt;masculino;dinheiro
2026-02-14 15:13:34.277469;958;Fortaleza;Ana Oliveira;SmartTV OLED 4k TCL;Matthew Schneider;masculino;dinheiro
2026-02-14 15:14:35.246754;959;Fortaleza;Ana Oliveira;Smartwatch QCY;Jennifer Ladner;feminino;cartão de crédito
2026-02-14 19:19:33.351105;960;Recife;Carlos Silva;Geladeira Eletrolux;John Larock;masculino;dinheiro
2026-02-15 20:17:33.158683;961;Recife;Carlos Silva;PlayStation 5;Sharon Shary;feminino;dinheiro
2026-02-16 14:22:34.075926;962;São Paulo;Maurício Peçanha;Smartphone Samsung Galaxy;Verna Jenkins;feminino;dinheiro
2026-02-16 15:23:33.590151;963;Natal;Clara Neves;Smartphone Samsung Galaxy;Mary Seley;feminino;pix
2026-02-16 17:49:32.572231;964;Recife;Fernanda Costa;Smartwatch QCY;Randy Vosmus;masculino;pix
2026-02-16 18:03:33.322163;965;Fortaleza;Ana Oliveira;Smartphone Samsung Galaxy;Reid Plumber;masculino;boleto
2026-02-16 18:44:33.215283;966;Salvador;Carla Montenegro;PlayStation 5;Helga Elmore;feminino;boleto
2026-02-16 20:23:36.085782;967;Salvador;Carla Montenegro;PlayStation 5;Gary Baker;masculino;cartão de crédito
2026-02-16 20:25:34.748318;968;Salvador;Francisco José;Geladeira Eletrolux;Linda Rattan;feminino;dinheiro
2026-02-17 15:49:33.016041;969;São Paulo;Floriana Peixoto;Smartphone Samsung Galaxy;Josiah Bottone;masculino;dinheiro
2026-02-17 17:44:35.231450;970;São Paulo;Maurício Peçanha;Geladeira Eletrolux;Dianne Cypret;feminino;dinheiro
2026-02-17 19:08:34.800652;971;Fortaleza;Ana Oliveira;Smartphone Samsung Galaxy;Kimberly Galloway;feminino;pix
2026-02-18 11:52:32.899549;972;Recife;Carlos Silva;PlayStation 5;Thomas Fajardo;masculino;pix
2026-02-18 15:50:35.906254;973;Fortaleza;Ana Oliveira;Geladeira Eletrolux;Daniel Ratliff;masculino;dinheiro
2026-02-18 16:11:33.372564;974;Salvador;Francisco José;Smartwatch QCY;Elaine Barrett;feminino;pix
2026-02-18 17:23:32.591974;975;Salvador;Francisco José;Smartwatch QCY;Alfred Berry;masculino;dinheiro
2026-02-18 17:51:32.879941;976;Fortaleza;Matheus Pereira;PlayStation 5;Donald Stevens;masculino;dinheiro
2026-02-18 19:13:33.710596;977;Salvador;Carla Montenegro;Geladeira Eletrolux;Lauren Wood;feminino;boleto
2026-02-18 20:29:34.163147;978;São Paulo;Maurício Peçanha;SmartTV OLED 4k TCL;Mark Przygocki;masculino;pix
2026-02-18 20:37:36.177512;979;Fortaleza;Matheus Pereira;Geladeira Eletrolux;Gerard Wien;masculino;boleto
2026-02-19 10:50:35.857627;980;Natal;João Pedro;SmartTV OLED 4k TCL;Opal King;feminino;cartão de crédito
2026-02-19 12:57:35.206903;981;Fortaleza;Matheus Pereira;Smartphone Samsung Galaxy;Lorraine Johnson;feminino;dinheiro
2026-02-19 13:41:35.456841;982;Natal;João Pedro;PlayStation 5;Debbie Vega;feminino;cartão de crédito
2026-02-19 15:59:35.314205;983;Fortaleza;Matheus Pereira;Smartphone Samsung Galaxy;Wanda Hoage;feminino;dinheiro
2026-02-19 19:14:36.472161;984;Recife;Fernanda Costa;Smartphone Samsung Galaxy;Frances Marchant;feminino;dinheiro
2026-02-19 20:42:33.215896;985;São Paulo;Maurício Peçanha;PlayStation 5;James Taylor;masculino;pix
2026-02-20 10:13:34.284412;986;Salvador;Carla Montenegro;SmartTV OLED 4k TCL;Martin Hoes;masculino;dinheiro
2026-02-20 15:29:34.128225;987;São Paulo;Floriana Peixoto;Smartwatch QCY;Kristen Lopez;feminino;boleto
2026-02-20 18:02:34.695790;988;Natal;Clara Neves;Smartwatch QCY;Peter Fletcher;masculino;cartão de crédito
2026-02-20 19:49:34.666104;989;São Paulo;Maurício Peçanha;Geladeira Eletrolux;Constance Haygood;feminino;pix
2026-02-21 09:52:33.723289;990;Salvador;Francisco José;Geladeira Eletrolux;Fawn Hickman;feminino;pix
2026-02-21 10:49:35.311797;991;Recife;Fernanda Costa;Smartphone Samsung Galaxy;Mary Haley;feminino;pix
2026-02-21 11:06:34.668423;992;Recife;Fernanda Costa;PlayStation 5;John Vanlandingham;masculino;boleto
2026-02-21 11:07:36.211396;993;Fortaleza;Ana Oliveira;Geladeira Eletrolux;Mara Steinman;feminino;dinheiro
2026-02-21 12:06:32.545816;994;Recife;Carlos Silva;Smartphone Samsung Galaxy;Mary Robertson;feminino;cartão de crédito
2026-02-21 12:18:35.415805;995;Recife;Carlos Silva;Smartwatch QCY;Monica Jenkins;feminino;cartão de crédito
2026-02-21 13:56:34.854849;996;Recife;Carlos Silva;SmartTV OLED 4k TCL;Thomas Faustini;masculino;dinheiro
2026-02-21 15:30:34.265482;997;Fortaleza;Matheus Pereira;SmartTV OLED 4k TCL;Harold Piatt;masculino;pix
2026-02-21 18:03:35.737200;998;São Paulo;Maurício Peçanha;Geladeira Eletrolux;Billie Briggs;feminino;boleto
2026-02-22 10:25:33.757040;999;Salvador;Carla Montenegro;PlayStation 5;Carol Plumer;feminino;pix
2026-02-22 11:48:33.822671;1000;Natal;João Pedro;Smartwatch QCY;Roxanne Genovese;feminino;cartão de crédito
2026-02-22 12:40:35.834182;1001;Recife;Carlos Silva;Smartphone Samsung Galaxy;Pat Williams;masculino;cartão de crédito
2026-02-22 14:07:34.831928;1002;Natal;João Pedro;SmartTV OLED 4k TCL;Shannon Chapman;feminino;pix
2026-02-22 14:30:34.075009;1003;São Paulo;Floriana Peixoto;Geladeira Eletrolux;Jeanne Linn;feminino;boleto
2026-02-22 16:49:35.296527;1004;Natal;Clara Neves;SmartTV OLED 4k TCL;Michelle Hernandez;feminino;dinheiro
2026-02-22 17:36:34.244069;1005;Fortaleza;Matheus Pereira;Smartwatch QCY;Sidney Ealy;masculino;boleto
2026-02-22 18:16:34.577812;1006;Salvador;Carla Montenegro;SmartTV OLED 4k TCL;Nancy Whittaker;feminino;cartão de crédito
2026-02-22 19:37:35.379009;1007;Natal;João Pedro;Smartwatch QCY;Gail Muise;feminino;dinheiro
2026-02-23 10:30:34.995322;1008;Fortaleza;Matheus Pereira;Smartwatch QCY;Christopher Burkhalter;masculino;dinheiro
2026-02-23 10:35:32.203921;1009;São Paulo;Floriana Peixoto;Smartwatch QCY;Mary Hill;feminino;dinheiro
2026-02-23 12:07:32.480650;1010;São Paulo;Maurício Peçanha;SmartTV OLED 4k TCL;Lisa Roberson;feminino;boleto
2026-02-23 12:54:33.971484;1011;Salvador;Francisco José;PlayStation 5;Jeanette Clover;feminino;dinheiro
2026-02-23 16:05:33.534650;1012;Salvador;Carla Montenegro;Smartwatch QCY;Ralph Hyde;masculino;cartão de crédito
2026-02-23 16:32:34.824462;1013;Natal;João Pedro;SmartTV OLED 4k TCL;Meghan Vidal;feminino;cartão de crédito
2026-02-23 17:33:32.998898;1014;Fortaleza;Ana Oliveira;Smartphone Samsung Galaxy;Daniel Ferguson;masculino;dinheiro
2026-02-23 18:09:34.773985;1015;Recife;Carlos Silva;Smartphone Samsung Galaxy;Reiko Bissonette;feminino;pix
2026-02-23 18:56:35.046382;1016;São Paulo;Maurício Peçanha;Smartwatch QCY;Maricela Evenson;feminino;cartão de crédito
2026-02-23 19:08:33.150407;1017;Fortaleza;Matheus Pereira;Smartwatch QCY;Robert Porcher;masculino;pix
2026-02-24 14:21:33.299427;1018;Salvador;Francisco José;Smartphone Samsung Galaxy;Beulah Maltas;feminino;pix
2026-02-24 14:45:34.338304;1019;Recife;Carlos Silva;Smartwatch QCY;Tonya Mays;feminino;cartão de crédito
2026-02-24 17:39:32.876992;1020;São Paulo;Maurício Peçanha;Smartwatch QCY;Adolfo Monson;masculino;dinheiro
2026-02-24 20:39:32.363181;1021;São Paulo;Maurício Peçanha;Smartwatch QCY;Leroy Hall;masculino;cartão de crédito
2026-02-25 10:10:32.358963;1022;Salvador;Francisco José;Smartphone Samsung Galaxy;Anthony Carter;masculino;boleto
2026-02-25 13:26:35.090747;1023;Natal;João Pedro;PlayStation 5;Herb Guzman;masculino;boleto
2026-02-25 13:50:33.643929;1024;Salvador;Carla Montenegro;Smartwatch QCY;Lisa Williams;feminino;dinheiro
2026-02-25 17:39:33.961847;1025;São Paulo;Maurício Peçanha;Smartphone Samsung Galaxy;Leslie Vanwinkle;masculino;dinheiro
2026-02-25 19:57:32.716490;1026;Natal;Clara Neves;Smartphone Samsung Galaxy;Donna Pope;feminino;dinheiro
2026-02-25 20:25:35.782829;1027;Recife;Carlos Silva;PlayStation 5;Gary Lopez;masculino;pix
2026-02-26 10:08:32.422864;1028;Fortaleza;Matheus Pereira;PlayStation 5;Kathryn Alexander;feminino;boleto
2026-02-26 10:43:34.068012;1029;Fortaleza;Ana Oliveira;SmartTV OLED 4k TCL;Jeff Fernandez;masculino;dinheiro
2026-02-26 13:39:35.849339;1030;Fortaleza;Ana Oliveira;SmartTV OLED 4k TCL;Nicholas Coleman;masculino;pix
2026-02-26 15:03:33.805067;1031;Natal;João Pedro;Smartphone Samsung Galaxy;Justin Richey;masculino;boleto
2026-02-26 15:04:36.154638;1032;Recife;Fernanda Costa;Smartphone Samsung Galaxy;Laura Craig;feminino;cartão de crédito
2026-02-26 19:59:32.745574;1033;Salvador;Francisco José;Smartphone Samsung Galaxy;Aimee Middleton;feminino;dinheiro
2026-02-27 10:38:35.363436;1034;Recife;Carlos Silva;PlayStation 5;Wayne Poquette;masculino;dinheiro
2026-02-27 12:36:32.238581;1035;Salvador;Carla Montenegro;Smartphone Samsung Galaxy;Alexis Bradford;feminino;dinheiro
2026-02-27 12:37:35.483849;1036;São Paulo;Maurício Peçanha;SmartTV OLED 4k TCL;Brian Dempsey;masculino;cartão de crédito
2026-02-27 13:49:35.139904;1037;Recife;Carlos Silva;SmartTV OLED 4k TCL;Veronica Ramos;feminino;pix
2026-02-27 16:03:33.722361;1038;Fortaleza;Ana Oliveira;Smartwatch QCY;Pamela Chambers;feminino;cartão de crédito
2026-02-27 16:07:35.249049;1039;Natal;Clara Neves;PlayStation 5;Stacey Alvarez;masculino;boleto
2026-02-27 20:30:35.772596;1040;Salvador;Carla Montenegro;PlayStation 5;Jolynn Nagel;feminino;boleto
2026-02-28 11:43:33.189679;1041;São Paulo;Maurício Peçanha;PlayStation 5;Allen Spilis;masculino;dinheiro
2026-02-28 11:49:33.277620;1042;Salvador;Carla Montenegro;SmartTV OLED 4k TCL;Anthony Chavez;masculino;boleto
2026-02-28 12:20:34.450614;1043;Recife;Carlos Silva;Smartwatch QCY;Felicia Witt;feminino;boleto
2026-02-28 19:05:33.656744;1044;São Paulo;Maurício Peçanha;Smartwatch QCY;Dorothy Hokenson;feminino;cartão de crédito
2026-03-01 12:02:32.368931;1045;Fortaleza;Ana Oliveira;PlayStation 5;Jared Bennett;masculino;dinheiro
2026-03-01 12:16:32.471564;1046;Salvador;Carla Montenegro;SmartTV OLED 4k TCL;Mary Williams;feminino;pix
2026-03-01 15:33:35.843647;1047;Recife;Fernanda Costa;Smartphone Samsung Galaxy;Adam Sandoval;masculino;dinheiro
2026-03-01 17:55:33.461087;1048;São Paulo;Floriana Peixoto;PlayStation 5;Jo Fitzsimmons;feminino;pix
2026-03-01 18:22:35.708249;1049;Fortaleza;Matheus Pereira;SmartTV OLED 4k TCL;William Williams;masculino;pix
2026-03-01 18:33:33.554347;1050;Natal;João Pedro;SmartTV OLED 4k TCL;Carlos Rodriguez;masculino;boleto
2026-03-02 12:53:33.086855;1051;São Paulo;Maurício Peçanha;Geladeira Eletrolux;Harry Kuhns;masculino;dinheiro
2026-03-02 14:03:33.764573;1052;Natal;Clara Neves;Smartwatch QCY;Ashely Mccormick;feminino;pix
2026-03-02 14:09:33.696241;1053;Natal;Clara Neves;SmartTV OLED 4k TCL;Brian Cote;masculino;pix
2026-03-02 17:44:36.224178;1054;São Paulo;Maurício Peçanha;SmartTV OLED 4k TCL;Herman Wright;masculino;cartão de crédito
2026-03-02 18:30:33.638999;1055;Salvador;Carla Montenegro;Geladeira Eletrolux;Chester Raya;masculino;boleto
2026-03-02 19:41:33.218360;1056;Recife;Carlos Silva;SmartTV OLED 4k TCL;Barry Cummings;masculino;cartão de crédito
2026-03-03 09:54:36.296012;1057;Salvador;Carla Montenegro;PlayStation 5;Kyle Bradford;masculino;dinheiro
2026-03-03 10:25:34.322006;1058;Natal;Clara Neves;SmartTV OLED 4k TCL;Terry Lynum;masculino;cartão de crédito
2026-03-03 14:14:33.496226;1059;Recife;Fernanda Costa;SmartTV OLED 4k TCL;James Matthews;masculino;boleto
2026-03-03 14:24:36.225128;1060;Fortaleza;Matheus Pereira;SmartTV OLED 4k TCL;Elizabeth Thomas;feminino;boleto
2026-03-03 15:36:34.043185;1061;Fortaleza;Ana Oliveira;SmartTV OLED 4k TCL;Barb Laskowski;feminino;pix
2026-03-03 17:48:32.689422;1062;Fortaleza;Ana Oliveira;SmartTV OLED 4k TCL;John Alejandro;masculino;pix
2026-03-03 18:42:34.340041;1063;Natal;João Pedro;Smartwatch QCY;Kimberly Hampton;feminino;pix
2026-03-04 10:46:34.942327;1064;São Paulo;Maurício Peçanha;Geladeira Eletrolux;Bradley Meadows;masculino;pix
2026-03-04 10:58:36.218335;1065;Recife;Carlos Silva;Smartphone Samsung Galaxy;Sonya Medina;feminino;dinheiro
2026-03-04 11:11:35.412925;1066;Natal;Clara Neves;Smartphone Samsung Galaxy;Sierra Light;feminino;pix
2026-03-04 15:31:32.280989;1067;Recife;Carlos Silva;SmartTV OLED 4k TCL;Jessica Speece;feminino;dinheiro
2026-03-04 15:55:33.078148;1068;São Paulo;Floriana Peixoto;SmartTV OLED 4k TCL;Charlene Bovell;feminino;boleto
2026-03-04 17:45:35.411795;1069;São Paulo;Floriana Peixoto;SmartTV OLED 4k TCL;Ryan Shifflett;masculino;pix
2026-03-04 18:08:33.545153;1070;Natal;Clara Neves;SmartTV OLED 4k TCL;Brittany Phillips;feminino;cartão de crédito
2026-03-04 18:35:32.364598;1071;São Paulo;Floriana Peixoto;SmartTV OLED 4k TCL;Erin Jones;feminino;cartão de crédito
2026-03-04 19:55:35.353157;1072;Natal;João Pedro;Smartwatch QCY;Gary Keppler;masculino;pix
2026-03-05 14:34:33.644009;1073;Natal;João Pedro;Smartwatch QCY;Theodore Winston;masculino;dinheiro
2026-03-05 14:48:36.298224;1074;Salvador;Francisco José;PlayStation 5;Taylor Leatherman;feminino;pix
2026-03-05 15:13:34.063799;1075;São Paulo;Maurício Peçanha;SmartTV OLED 4k TCL;Cassandra White;feminino;boleto
2026-03-05 17:40:32.616248;1076;São Paulo;Maurício Peçanha;Smartwatch QCY;Sheryl Edmond;feminino;pix
2026-03-06 11:27:36.269334;1077;Natal;Clara Neves;PlayStation 5;Marcus Lebow;masculino;boleto
2026-03-06 11:41:32.310264;1078;Natal;Clara Neves;Geladeira Eletrolux;Thomas Pena;masculino;cartão de crédito
2026-03-06 15:17:34.828530;1079;Fortaleza;Matheus Pereira;SmartTV OLED 4k TCL;Alyssa Nash;feminino;dinheiro
2026-03-06 17:35:34.527433;1080;Natal;João Pedro;Smartphone Samsung Galaxy;Heather Devoe;feminino;pix
2026-03-06 17:46:35.990145;1081;Recife;Fernanda Costa;SmartTV OLED 4k TCL;Robyn Wexler;feminino;cartão de crédito
2026-03-06 20:42:35.010474;1082;Salvador;Francisco José;SmartTV OLED 4k TCL;Cassandra Bowker;feminino;dinheiro
2026-03-07 10:28:36.268739;1083;Salvador;Carla Montenegro;PlayStation 5;Tisha Giles;feminino;cartão de crédito
2026-03-07 12:57:36.388512;1084;Salvador;Francisco José;Smartwatch QCY;William Brown;masculino;cartão de crédito
2026-03-07 13:09:34.178595;1085;Salvador;Carla Montenegro;Smartwatch QCY;Albert Chouinard;masculino;cartão de crédito
2026-03-07 15:04:34.428207;1086;Fortaleza;Ana Oliveira;Smartphone Samsung Galaxy;Donna Henry;feminino;cartão de crédito
2026-03-07 16:05:34.297819;1087;Fortaleza;Ana Oliveira;Smartphone Samsung Galaxy;John Hicks;masculino;pix
2026-03-08 11:37:32.287489;1088;São Paulo;Floriana Peixoto;PlayStation 5;Vanessa Arnold;feminino;pix
2026-03-08 12:17:35.140166;1089;São Paulo;Floriana Peixoto;PlayStation 5;Miguel Overbaugh;masculino;cartão de crédito
2026-03-08 13:22:32.545432;1090;São Paulo;Floriana Peixoto;Smartwatch QCY;Shaun Sharp;masculino;pix
2026-03-08 13:49:36.509966;1091;Recife;Fernanda Costa;PlayStation 5;Douglas Lawrence;masculino;dinheiro
2026-03-08 15:32:36.084961;1092;Recife;Fernanda Costa;Smartphone Samsung Galaxy;Barbara Chadwick;feminino;boleto
2026-03-08 19:27:32.753929;1093;Fortaleza;Ana Oliveira;PlayStation 5;Rafael Stuber;masculino;pix
2026-03-08 20:24:34.448155;1094;Recife;Carlos Silva;Geladeira Eletrolux;Josephine Galvan;feminino;pix
2026-03-09 10:17:33.797962;1095;Fortaleza;Matheus Pereira;Geladeira Eletrolux;Terry Davis;masculino;boleto
2026-03-09 10:27:34.215711;1096;São Paulo;Floriana Peixoto;PlayStation 5;Shanta Whittle;feminino;cartão de crédito
2026-03-09 12:21:35.945489;1097;Fortaleza;Matheus Pereira;Smartphone Samsung Galaxy;Barbara Drake;feminino;dinheiro
2026-03-09 13:00:33.996778;1098;Fortaleza;Ana Oliveira;SmartTV OLED 4k TCL;Andrew Heling;masculino;dinheiro
2026-03-09 17:11:34.284221;1099;Natal;Clara Neves;SmartTV OLED 4k TCL;Alexander Young;masculino;boleto
2026-03-09 17:42:35.433096;1100;São Paulo;Maurício Peçanha;Smartphone Samsung Galaxy;James Dillon;masculino;boleto
2026-03-09 17:48:32.813158;1101;Fortaleza;Matheus Pereira;Geladeira Eletrolux;Kimberly Simpson;feminino;boleto
2026-03-10 10:25:33.218553;1102;Recife;Fernanda Costa;PlayStation 5;Lena Emerick;feminino;pix
2026-03-10 13:43:35.584692;1103;Fortaleza;Matheus Pereira;PlayStation 5;Roy Alston;masculino;boleto
2026-03-10 17:44:35.684619;1104;Salvador;Carla Montenegro;Smartwatch QCY;Dennis Stanley;masculino;cartão de crédito
2026-03-10 18:54:36.062934;1105;Salvador;Francisco José;PlayStation 5;Elsie Seiberling;feminino;boleto
2026-03-10 18:58:34.623859;1106;Salvador;Carla Montenegro;Smartwatch QCY;Patricia Leider;feminino;boleto
2026-03-11 11:07:33.976334;1107;São Paulo;Floriana Peixoto;PlayStation 5;Ronald Price;masculino;boleto
2026-03-11 11:56:35.601599;1108;Natal;Clara Neves;Smartwatch QCY;Richard Debartolo;masculino;boleto
2026-03-11 14:07:34.747230;1109;Fortaleza;Matheus Pereira;Smartphone Samsung Galaxy;Dorothy Metzler;feminino;boleto
2026-03-11 15:37:32.471853;1110;Salvador;Carla Montenegro;PlayStation 5;Mary Gomez;feminino;pix
2026-03-11 16:43:32.219270;1111;São Paulo;Maurício Peçanha;SmartTV OLED 4k TCL;William Shinabery;masculino;dinheiro
2026-03-11 18:36:33.064663;1112;Fortaleza;Matheus Pereira;SmartTV OLED 4k TCL;Jennifer Hardy;feminino;boleto
2026-03-12 10:40:33.217029;1113;Salvador;Francisco José;PlayStation 5;Anna Horning;feminino;pix
2026-03-12 19:39:35.395647;1114;Natal;João Pedro;Geladeira Eletrolux;Russell Brinkly;masculino;boleto
2026-03-12 19:40:32.543086;1115;Salvador;Francisco José;PlayStation 5;Joann Clinton;feminino;cartão de crédito
2026-03-13 10:39:34.008873;1116;Natal;João Pedro;Smartphone Samsung Galaxy;Ashley Terry;feminino;cartão de crédito
2026-03-13 13:37:32.632383;1117;São Paulo;Maurício Peçanha;SmartTV OLED 4k TCL;Charles Stiegman;masculino;boleto
2026-03-13 14:05:36.395532;1118;São Paulo;Maurício Peçanha;SmartTV OLED 4k TCL;Daniel Johnson;masculino;boleto
2026-03-13 14:23:34.799225;1119;Natal;João Pedro;Smartwatch QCY;Catherine Russell;feminino;pix
2026-03-13 14:39:35.135052;1120;São Paulo;Maurício Peçanha;PlayStation 5;Donovan Blair;masculino;boleto
2026-03-13 14:44:32.721582;1121;São Paulo;Floriana Peixoto;Smartwatch QCY;Teresa Hayes;feminino;pix
2026-03-13 17:15:33.668782;1122;Recife;Fernanda Costa;SmartTV OLED 4k TCL;Michael Stephens;masculino;cartão de crédito
2026-03-13 18:55:34.148839;1123;Natal;Clara Neves;SmartTV OLED 4k TCL;Shelby Hirz;feminino;boleto
2026-03-14 14:21:36.119579;1124;Salvador;Carla Montenegro;Smartwatch QCY;Micheal Miller;feminino;pix
2026-03-14 17:04:35.491622;1125;Fortaleza;Ana Oliveira;Smartwatch QCY;Mario Frye;masculino;pix
2026-03-14 18:02:34.275744;1126;Natal;João Pedro;Geladeira Eletrolux;Rebecca Cobb;feminino;boleto
2026-03-14 19:23:36.383778;1127;São Paulo;Floriana Peixoto;Smartphone Samsung Galaxy;Catherine Maio;feminino;pix
2026-03-14 20:15:32.310430;1128;Recife;Fernanda Costa;Smartphone Samsung Galaxy;Allison Bennett;feminino;dinheiro
2026-03-15 12:24:33.358776;1129;Recife;Carlos Silva;Smartwatch QCY;Mary Porter;feminino;boleto
2026-03-15 12:51:34.148297;1130;Fortaleza;Ana Oliveira;Smartwatch QCY;Leah Young;feminino;cartão de crédito
2026-03-15 17:31:33.717737;1131;São Paulo;Maurício Peçanha;PlayStation 5;Louis Miyamoto;masculino;dinheiro
2026-03-15 18:23:34.238072;1132;Natal;João Pedro;Smartphone Samsung Galaxy;Domingo Peters;masculino;pix
2026-03-16 10:44:35.905541;1133;Recife;Carlos Silva;SmartTV OLED 4k TCL;Jason Morris;masculino;pix
2026-03-16 12:31:35.022187;1134;Salvador;Francisco José;Geladeira Eletrolux;Patsy Davis;feminino;cartão de crédito
2026-03-16 15:31:34.268192;1135;Recife;Fernanda Costa;Smartwatch QCY;Sarah Reeves;feminino;pix
2026-03-17 11:03:35.942425;1136;Recife;Fernanda Costa;Geladeira Eletrolux;Amanda Hawkins;feminino;pix
2026-03-17 11:20:33.864359;1137;Recife;Carlos Silva;SmartTV OLED 4k TCL;Carl Rosenquist;masculino;boleto
2026-03-17 14:29:34.534457;1138;Natal;Clara Neves;PlayStation 5;Joyce Mahan;feminino;cartão de crédito
2026-03-17 16:10:33.559020;1139;Salvador;Francisco José;Geladeira Eletrolux;Arlene Smith;feminino;cartão de crédito
2026-03-17 17:24:32.204024;1140;São Paulo;Maurício Peçanha;SmartTV OLED 4k TCL;Doris Knox;feminino;cartão de crédito
2026-03-17 17:40:34.533648;1141;Natal;Clara Neves;Smartphone Samsung Galaxy;Reed Hacker;masculino;cartão de crédito
2026-03-17 19:53:35.752215;1142;Salvador;Carla Montenegro;Smartphone Samsung Galaxy;Janet Res;feminino;cartão de crédito
2026-03-18 14:17:36.317834;1143;São Paulo;Maurício Peçanha;PlayStation 5;Ashley Cunningham;feminino;cartão de crédito
2026-03-18 15:14:33.213508;1144;São Paulo;Floriana Peixoto;Geladeira Eletrolux;Julie Fast;feminino;boleto
2026-03-18 15:49:35.395113;1145;Natal;João Pedro;Smartwatch QCY;Matthew Garland;masculino;pix
2026-03-18 16:15:32.364795;1146;Fortaleza;Matheus Pereira;PlayStation 5;Marilyn Simpson;feminino;pix
2026-03-18 16:29:32.817380;1147;Natal;Clara Neves;Geladeira Eletrolux;John Singletary;masculino;dinheiro
2026-03-18 18:09:35.337057;1148;Salvador;Carla Montenegro;Smartwatch QCY;Mattie Furey;feminino;boleto
2026-03-18 20:42:36.006584;1149;Natal;João Pedro;SmartTV OLED 4k TCL;Mamie Hunter;feminino;pix
2026-03-19 12:33:33.973674;1150;São Paulo;Maurício Peçanha;Smartphone Samsung Galaxy;Larry Meyer;masculino;dinheiro
2026-03-19 12:47:35.258680;1151;Salvador;Carla Montenegro;PlayStation 5;David Martin;masculino;dinheiro
2026-03-19 14:33:36.328037;1152;São Paulo;Maurício Peçanha;Smartphone Samsung Galaxy;Sarah Mcgill;feminino;pix
2026-03-19 15:13:33.089203;1153;São Paulo;Maurício Peçanha;SmartTV OLED 4k TCL;Mary Bowman;feminino;dinheiro
2026-03-19 16:17:32.215184;1154;São Paulo;Maurício Peçanha;SmartTV OLED 4k TCL;Robert Otwell;masculino;cartão de crédito
2026-03-19 18:18:32.317045;1155;Fortaleza;Matheus Pereira;Geladeira Eletrolux;Paul Talton;masculino;pix
2026-03-19 20:14:35.486504;1156;Natal;João Pedro;SmartTV OLED 4k TCL;Melissa Massey;feminino;pix
2026-03-20 11:10:32.218589;1157;São Paulo;Maurício Peçanha;SmartTV OLED 4k TCL;Daniel Lyle;masculino;dinheiro
2026-03-20 11:50:32.498088;1158;Recife;Carlos Silva;Smartphone Samsung Galaxy;Darin Perisho;masculino;dinheiro
2026-03-20 12:11:35.053414;1159;São Paulo;Maurício Peçanha;Geladeira Eletrolux;Rebecca Talmadge;feminino;pix
2026-03-20 12:32:32.301394;1160;São Paulo;Maurício Peçanha;SmartTV OLED 4k TCL;Joseph Cornwell;masculino;dinheiro
2026-03-20 13:12:34.691203;1161;Fortaleza;Matheus Pereira;Geladeira Eletrolux;Eugene Munn;masculino;cartão de crédito
2026-03-20 15:52:33.101292;1162;Fortaleza;Ana Oliveira;Smartphone Samsung Galaxy;Lorena Nagel;feminino;boleto
2026-03-20 18:53:35.675442;1163;Recife;Fernanda Costa;Smartphone Samsung Galaxy;Ruth Jones;feminino;cartão de crédito
2026-03-21 10:57:35.712187;1164;Natal;João Pedro;Geladeira Eletrolux;John Thornton;masculino;boleto
2026-03-21 17:06:36.503167;1165;Salvador;Francisco José;SmartTV OLED 4k TCL;Laurie Laney;feminino;pix
2026-03-21 17:16:35.066819;1166;Recife;Carlos Silva;Smartphone Samsung Galaxy;Gertrude West;feminino;cartão de crédito
2026-03-21 19:04:34.334084;1167;Natal;João Pedro;SmartTV OLED 4k TCL;Nicholas Patterson;masculino;boleto
2026-03-21 20:29:34.072784;1168;São Paulo;Maurício Peçanha;Smartphone Samsung Galaxy;Gary Rost;masculino;dinheiro
2026-03-22 09:49:33.546268;1169;Recife;Carlos Silva;Smartphone Samsung Galaxy;Lydia Reid;feminino;dinheiro
2026-03-22 12:43:32.473082;1170;Natal;João Pedro;Geladeira Eletrolux;Gustavo Doody;masculino;cartão de crédito
2026-03-22 12:50:35.839238;1171;São Paulo;Floriana Peixoto;SmartTV OLED 4k TCL;Paul Ellinger;masculino;cartão de crédito
2026-03-22 14:38:34.988260;1172;Salvador;Francisco José;Smartwatch QCY;Mike Coats;masculino;pix
2026-03-22 14:43:36.331964;1173;Salvador;Carla Montenegro;Smartwatch QCY;Calvin Cintron;masculino;boleto
2026-03-22 19:39:33.976423;1174;Salvador;Carla Montenegro;Smartwatch QCY;William Seldon;masculino;boleto
2026-03-22 20:36:36.318484;1175;São Paulo;Maurício Peçanha;PlayStation 5;Ruth Moss;feminino;cartão de crédito
2026-03-23 12:44:36.394287;1176;Fortaleza;Ana Oliveira;Smartphone Samsung Galaxy;Debra Banuelos;feminino;pix
2026-03-23 13:21:35.351181;1177;Salvador;Francisco José;Geladeira Eletrolux;Molly Colon;feminino;dinheiro
2026-03-24 10:28:32.934130;1178;Natal;Clara Neves;Smartwatch QCY;John Taul;masculino;cartão de crédito
2026-03-24 11:36:33.158393;1179;Fortaleza;Ana Oliveira;Smartwatch QCY;Thomas Gill;masculino;dinheiro
2026-03-24 13:28:34.041298;1180;Natal;João Pedro;SmartTV OLED 4k TCL;Jean Acuna;feminino;pix
2026-03-24 13:42:33.584260;1181;Fortaleza;Ana Oliveira;Smartwatch QCY;Thomas Vosburg;masculino;boleto
2026-03-24 15:54:33.554164;1182;Recife;Carlos Silva;Smartwatch QCY;Mildred Carroll;feminino;cartão de crédito
2026-03-24 18:55:33.546452;1183;São Paulo;Maurício Peçanha;SmartTV OLED 4k TCL;Rachel Beasley;feminino;pix
2026-03-25 09:47:34.356878;1184;Salvador;Francisco José;Geladeira Eletrolux;Gladys Norman;feminino;pix
2026-03-25 09:52:33.254763;1185;Salvador;Carla Montenegro;SmartTV OLED 4k TCL;James Kershaw;masculino;cartão de crédito
2026-03-25 10:56:33.564415;1186;Fortaleza;Ana Oliveira;SmartTV OLED 4k TCL;Helen Underdown;feminino;dinheiro
2026-03-25 11:21:32.366627;1187;Salvador;Carla Montenegro;Smartphone Samsung Galaxy;Gregory Solberg;masculino;boleto
2026-03-25 12:37:33.563971;1188;Natal;João Pedro;Smartwatch QCY;Thomas Todd;masculino;cartão de crédito
2026-03-25 13:50:34.111984;1189;Salvador;Francisco José;Smartphone Samsung Galaxy;Mary Arnold;feminino;cartão de crédito
2026-03-25 16:11:35.481359;1190;São Paulo;Floriana Peixoto;SmartTV OLED 4k TCL;Etta Ison;feminino;boleto
2026-03-25 16:19:35.362285;1191;São Paulo;Floriana Peixoto;SmartTV OLED 4k TCL;Salvador Rodgers;masculino;pix
2026-03-25 18:15:33.331469;1192;São Paulo;Maurício Peçanha;Smartwatch QCY;Renee Hannah;feminino;cartão de crédito
2026-03-26 15:33:34.717464;1193;Recife;Carlos Silva;Geladeira Eletrolux;Linda Snell;feminino;boleto
2026-03-26 17:04:33.973802;1194;Natal;Clara Neves;Smartwatch QCY;Michael Roger;masculino;cartão de crédito
2026-03-26 17:10:34.180638;1195;São Paulo;Floriana Peixoto;Smartwatch QCY;Cody Currie;masculino;pix
2026-03-26 18:07:32.958438;1196;Salvador;Carla Montenegro;Geladeira Eletrolux;Erika Mcclellan;feminino;pix
2026-03-26 19:24:35.149642;1197;Recife;Fernanda Costa;PlayStation 5;Glen Harper;masculino;dinheiro
2026-03-27 12:55:33.707468;1198;São Paulo;Maurício Peçanha;SmartTV OLED 4k TCL;Kevin Dardar;masculino;cartão de crédito
2026-03-27 14:14:34.922356;1199;Natal;Clara Neves;Smartphone Samsung Galaxy;Catherine Simons;feminino;cartão de crédito
2026-03-27 16:18:34.267414;1200;São Paulo;Floriana Peixoto;Smartphone Samsung Galaxy;Savannah Hills;feminino;pix
2026-03-27 19:57:32.906987;1201;São Paulo;Floriana Peixoto;PlayStation 5;Dorothy Medina;feminino;cartão de crédito
2026-03-28 12:01:32.998497;1202;Recife;Carlos Silva;Smartwatch QCY;Sonia Giles;feminino;pix
2026-03-28 12:31:34.727615;1203;São Paulo;Floriana Peixoto;SmartTV OLED 4k TCL;Agnes Chambers;feminino;dinheiro
2026-03-28 18:20:32.333262;1204;São Paulo;Floriana Peixoto;Smartwatch QCY;Karen Mojica;feminino;cartão de crédito
2026-03-28 18:43:33.500006;1205;Natal;João Pedro;PlayStation 5;Gilberto Robinson;masculino;pix
2026-03-28 20:42:35.313294;1206;São Paulo;Maurício Peçanha;Smartwatch QCY;John Carr;masculino;boleto
2026-03-29 10:23:34.261156;1207;Recife;Carlos Silva;Smartwatch QCY;Linda Melcher;feminino;pix
2026-03-29 13:15:34.996887;1208;Recife;Carlos Silva;Geladeira Eletrolux;Donald Guererro;masculino;dinheiro
2026-03-29 15:06:32.414874;1209;Salvador;Francisco José;PlayStation 5;Nona Santander;feminino;dinheiro
2026-03-29 15:47:35.927161;1210;Recife;Carlos Silva;Smartwatch QCY;Barbara Huberty;feminino;cartão de crédito
2026-03-29 20:00:34.487786;1211;São Paulo;Floriana Peixoto;Geladeira Eletrolux;Cathy Vanhorne;feminino;cartão de crédito
2026-03-29 20:05:33.090786;1212;São Paulo;Maurício Peçanha;SmartTV OLED 4k TCL;Paul Williamson;masculino;boleto
2026-03-30 12:12:36.084866;1213;São Paulo;Maurício Peçanha;Smartwatch QCY;Wayne Morgan;masculino;boleto
2026-03-30 13:34:32.908532;1214;São Paulo;Floriana Peixoto;SmartTV OLED 4k TCL;Ella Thode;feminino;boleto
2026-03-30 17:57:32.874025;1215;Recife;Fernanda Costa;SmartTV OLED 4k TCL;Gail Omar;feminino;pix
2026-03-30 18:27:33.294658;1216;Recife;Carlos Silva;Smartwatch QCY;Wesley Barnes;masculino;pix
2026-03-30 20:22:33.522128;1217;São Paulo;Maurício Peçanha;Geladeira Eletrolux;Ellen Wolstenholme;feminino;dinheiro
2026-03-31 10:07:35.352694;1218;Recife;Carlos Silva;PlayStation 5;Christy Dixon;feminino;boleto
2026-03-31 10:45:33.419775;1219;Recife;Carlos Silva;Smartwatch QCY;Stephen Johnson;masculino;cartão de crédito
2026-03-31 12:00:35.312607;1220;Fortaleza;Ana Oliveira;PlayStation 5;Jessie Broussard;masculino;pix
2026-03-31 17:30:32.746838;1221;São Paulo;Floriana Peixoto;SmartTV OLED 4k TCL;Philip Torres;masculino;pix
2026-03-31 20:11:32.359054;1222;Fortaleza;Matheus Pereira;SmartTV OLED 4k TCL;Glenn Showalter;masculino;cartão de crédito
2026-04-01 14:16:32.557249;1223;Fortaleza;Matheus Pereira;Smartwatch QCY;Mildred Mcpherson;feminino;boleto
2026-04-01 16:33:34.080236;1224;Fortaleza;Matheus Pereira;Geladeira Eletrolux;Leonard Garrett;masculino;boleto
2026-04-01 17:46:32.204365;1225;Fortaleza;Ana Oliveira;PlayStation 5;Diane Owen;feminino;dinheiro
2026-04-01 18:30:32.719494;1226;Recife;Fernanda Costa;SmartTV OLED 4k TCL;Ralph West;masculino;cartão de crédito
2026-04-02 10:25:35.836289;1227;Recife;Carlos Silva;SmartTV OLED 4k TCL;Robert Flores;masculino;dinheiro
2026-04-02 12:48:33.913910;1228;São Paulo;Maurício Peçanha;Smartwatch QCY;Brian Reaves;masculino;boleto
2026-04-02 13:23:33.103509;1229;São Paulo;Maurício Peçanha;PlayStation 5;Deborah Shaw;feminino;pix
2026-04-02 14:18:35.580381;1230;Recife;Fernanda Costa;Smartwatch QCY;Brandy Rash;feminino;cartão de crédito
2026-04-02 15:33:33.776575;1231;Fortaleza;Ana Oliveira;SmartTV OLED 4k TCL;Daniell Waggoner;feminino;boleto
2026-04-02 15:43:34.272830;1232;São Paulo;Floriana Peixoto;Smartwatch QCY;Javier Danna;masculino;cartão de crédito
2026-04-02 16:08:32.237186;1233;Recife;Fernanda Costa;SmartTV OLED 4k TCL;Patricia Rodriguez;feminino;boleto
2026-04-02 16:10:36.535291;1234;Salvador;Carla Montenegro;PlayStation 5;Mary Jackson;feminino;cartão de crédito
2026-04-02 16:50:33.430845;1235;Fortaleza;Ana Oliveira;SmartTV OLED 4k TCL;Kareem Elston;masculino;pix
2026-04-02 18:36:34.799466;1236;Salvador;Carla Montenegro;Geladeira Eletrolux;Beau Paz;masculino;cartão de crédito
2026-04-03 11:34:33.150282;1237;Recife;Carlos Silva;Geladeira Eletrolux;Andrew Turner;masculino;pix
2026-04-03 12:07:33.005490;1238;Natal;João Pedro;Smartphone Samsung Galaxy;Woodrow Hyman;masculino;cartão de crédito
2026-04-03 13:59:34.264109;1239;Salvador;Francisco José;PlayStation 5;Ngoc Whittington;feminino;boleto
2026-04-03 14:36:33.417212;1240;Natal;Clara Neves;Geladeira Eletrolux;Cynthia Alonso;feminino;cartão de crédito
2026-04-03 15:16:35.842943;1241;Natal;João Pedro;Smartwatch QCY;Reyes Harris;masculino;cartão de crédito
2026-04-03 16:49:35.468592;1242;Fortaleza;Matheus Pereira;Smartphone Samsung Galaxy;Daniel Eastman;masculino;boleto
2026-04-03 18:13:35.907347;1243;Salvador;Francisco José;Smartwatch QCY;Ruthie Muellerleile;feminino;dinheiro
2026-04-03 18:20:35.296610;1244;Recife;Carlos Silva;SmartTV OLED 4k TCL;Carmen Lawrence;feminino;cartão de crédito
2026-04-03 18:55:34.046034;1245;Recife;Fernanda Costa;SmartTV OLED 4k TCL;Sam Strong;masculino;boleto
2026-04-04 10:25:35.494275;1246;Natal;João Pedro;Smartphone Samsung Galaxy;Betty Baxter;feminino;cartão de crédito
2026-04-04 16:26:33.631779;1247;Salvador;Carla Montenegro;Geladeira Eletrolux;Kevin Reich;masculino;pix
2026-04-04 17:42:34.239221;1248;São Paulo;Floriana Peixoto;Geladeira Eletrolux;Michael Roosa;masculino;pix
2026-04-04 18:28:33.712843;1249;Recife;Carlos Silva;SmartTV OLED 4k TCL;Michael Alejos;masculino;boleto
2026-04-05 17:19:34.308803;1250;Recife;Fernanda Costa;Smartwatch QCY;Karen Gridley;feminino;dinheiro
2026-04-05 18:09:33.544872;1251;Fortaleza;Ana Oliveira;Smartphone Samsung Galaxy;Simone Perez;feminino;boleto
2026-04-05 18:39:34.578490;1252;Natal;João Pedro;SmartTV OLED 4k TCL;Christopher Bryan;masculino;dinheiro
2026-04-05 19:15:33.915278;1253;Salvador;Francisco José;Geladeira Eletrolux;Damon Chien;masculino;pix
2026-04-05 20:15:34.183384;1254;Fortaleza;Ana Oliveira;PlayStation 5;Rosario Rodriguez;feminino;pix
2026-04-05 20:27:35.950596;1255;Salvador;Francisco José;SmartTV OLED 4k TCL;Denver Saldana;masculino;pix
2026-04-06 10:11:36.249554;1256;Salvador;Carla Montenegro;Smartwatch QCY;Alexander Hubbard;masculino;dinheiro
2026-04-06 12:17:33.936594;1257;São Paulo;Maurício Peçanha;Smartphone Samsung Galaxy;Joseph Goss;masculino;dinheiro
2026-04-06 12:50:33.722513;1258;São Paulo;Floriana Peixoto;Geladeira Eletrolux;Thomas Greer;masculino;pix
2026-04-06 12:57:34.129960;1259;Natal;Clara Neves;Geladeira Eletrolux;Alpha Vanderweide;feminino;dinheiro
2026-04-06 13:43:33.417971;1260;Recife;Fernanda Costa;SmartTV OLED 4k TCL;Bessie Hawes;feminino;cartão de crédito
2026-04-06 14:04:34.111752;1261;Salvador;Francisco José;Smartphone Samsung Galaxy;Betty Sandoval;feminino;cartão de crédito
2026-04-06 16:05:36.302236;1262;São Paulo;Maurício Peçanha;SmartTV OLED 4k TCL;Donald Brown;masculino;dinheiro
2026-04-06 18:27:32.723492;1263;Fortaleza;Matheus Pereira;PlayStation 5;Tony Anglen;masculino;boleto
2026-04-07 11:31:35.282718;1264;Recife;Fernanda Costa;Geladeira Eletrolux;Michelle Ford;feminino;pix
2026-04-07 12:04:32.325283;1265;Fortaleza;Ana Oliveira;SmartTV OLED 4k TCL;Cassandra Strebe;feminino;boleto
2026-04-07 12:51:33.298349;1266;Salvador;Carla Montenegro;Smartphone Samsung Galaxy;Christine Dunbar;feminino;cartão de crédito
2026-04-07 13:17:36.223987;1267;Fortaleza;Matheus Pereira;Geladeira Eletrolux;Casey Hill;feminino;dinheiro
2026-04-07 16:03:32.371792;1268;Natal;João Pedro;Geladeira Eletrolux;Angela Yoshino;feminino;pix
2026-04-08 11:04:33.065095;1269;Salvador;Carla Montenegro;SmartTV OLED 4k TCL;Maria Fry;feminino;cartão de crédito
2026-04-08 17:12:34.145911;1270;Recife;Fernanda Costa;Geladeira Eletrolux;Rudy Deforest;masculino;cartão de crédito
2026-04-08 19:53:35.413792;1271;Natal;João Pedro;Smartphone Samsung Galaxy;Ann Otte;feminino;pix
2026-04-09 11:04:33.006396;1272;Salvador;Carla Montenegro;Smartphone Samsung Galaxy;Amanda Livingston;feminino;cartão de crédito
2026-04-09 16:35:32.513867;1273;Recife;Carlos Silva;Geladeira Eletrolux;Sandra Mehtani;feminino;pix
2026-04-09 18:13:34.235324;1274;Fortaleza;Ana Oliveira;SmartTV OLED 4k TCL;Kimberly Dodd;feminino;pix
2026-04-10 11:30:34.581773;1275;São Paulo;Maurício Peçanha;PlayStation 5;Joanne Rodriguez;feminino;dinheiro
2026-04-10 17:30:34.246999;1276;Natal;João Pedro;PlayStation 5;Daniel Blaisdell;masculino;cartão de crédito
2026-04-10 19:47:35.395490;1277;São Paulo;Maurício Peçanha;SmartTV OLED 4k TCL;Kelvin Hall;masculino;cartão de crédito
2026-04-10 20:04:33.049621;1278;Recife;Fernanda Costa;Geladeira Eletrolux;Catherine Ryan;feminino;pix
2026-04-11 12:29:35.209637;1279;Recife;Fernanda Costa;Geladeira Eletrolux;Raymundo Mills;masculino;dinheiro
2026-04-11 12:33:34.580849;1280;São Paulo;Maurício Peçanha;SmartTV OLED 4k TCL;Irene Cooley;feminino;pix
2026-04-11 14:35:33.432689;1281;Fortaleza;Matheus Pereira;SmartTV OLED 4k TCL;Janis Pauling;feminino;boleto
2026-04-11 14:40:33.089542;1282;São Paulo;Floriana Peixoto;Smartphone Samsung Galaxy;Cecil Valentin;masculino;cartão de crédito
2026-04-11 18:47:35.109604;1283;Salvador;Carla Montenegro;PlayStation 5;Scott Gerow;masculino;cartão de crédito
2026-04-11 19:41:34.831427;1284;Natal;Clara Neves;Geladeira Eletrolux;Dana Mackey;masculino;boleto
2026-04-11 20:10:36.295813;1285;Natal;Clara Neves;Smartphone Samsung Galaxy;Nancy Burnett;feminino;cartão de crédito
2026-04-12 15:25:33.472898;1286;São Paulo;Floriana Peixoto;Geladeira Eletrolux;Cheryl Gary;feminino;cartão de crédito
2026-04-12 17:18:36.119313;1287;Recife;Carlos Silva;SmartTV OLED 4k TCL;Jared Wise;masculino;cartão de crédito
2026-04-12 17:28:35.165100;1288;Natal;João Pedro;SmartTV OLED 4k TCL;James Henry;masculino;boleto
2026-04-12 18:06:32.430798;1289;Recife;Carlos Silva;Geladeira Eletrolux;William Nebergall;masculino;boleto
2026-04-13 11:54:34.277619;1290;Recife;Carlos Silva;Geladeira Eletrolux;Teresa Mckennon;feminino;cartão de crédito
2026-04-13 12:06:32.721034;1291;Fortaleza;Ana Oliveira;Geladeira Eletrolux;Donald Boyd;masculino;cartão de crédito
2026-04-13 17:07:35.356872;1292;Salvador;Carla Montenegro;Geladeira Eletrolux;Chung Atchison;masculino;pix
2026-04-13 17:22:33.987085;1293;Recife;Fernanda Costa;Geladeira Eletrolux;Christine Granville;feminino;dinheiro
2026-04-13 19:21:32.193976;1294;Recife;Carlos Silva;SmartTV OLED 4k TCL;Mercedes Cola;feminino;pix
2026-04-13 20:31:33.827733;1295;Salvador;Carla Montenegro;Geladeira Eletrolux;Natasha Rovinsky;feminino;cartão de crédito
2026-04-14 10:50:34.533261;1296;Recife;Fernanda Costa;SmartTV OLED 4k TCL;Cheryl Harper;feminino;dinheiro
2026-04-14 11:34:33.569594;1297;São Paulo;Floriana Peixoto;PlayStation 5;Paul Ryan;masculino;boleto
2026-04-14 12:00:32.556908;1298;Salvador;Carla Montenegro;PlayStation 5;Norma Klein;feminino;pix
2026-04-14 12:14:33.246030;1299;Fortaleza;Ana Oliveira;Smartwatch QCY;Shirley Marzett;feminino;boleto
2026-04-14 12:55:34.942681;1300;Recife;Carlos Silva;Geladeira Eletrolux;Clarence Smith;feminino;cartão de crédito
2026-04-14 18:23:33.511623;1301;Natal;Clara Neves;PlayStation 5;Gene Morgan;masculino;dinheiro
2026-04-14 19:57:33.964149;1302;Recife;Fernanda Costa;Smartphone Samsung Galaxy;Roy Maybee;masculino;boleto
2026-04-15 11:59:35.283312;1303;São Paulo;Floriana Peixoto;Geladeira Eletrolux;Lonnie Rigatti;masculino;pix
2026-04-15 13:20:34.987658;1304;Fortaleza;Matheus Pereira;Geladeira Eletrolux;Janis Burton;feminino;cartão de crédito
2026-04-15 14:56:33.473263;1305;Salvador;Carla Montenegro;SmartTV OLED 4k TCL;Angela Opatz;feminino;pix
2026-04-15 14:58:33.824491;1306;Fortaleza;Ana Oliveira;Smartwatch QCY;Rodney Dickerson;masculino;boleto
2026-04-15 16:51:35.248852;1307;Salvador;Francisco José;SmartTV OLED 4k TCL;Melinda Williams;feminino;dinheiro
2026-04-15 17:23:33.397198;1308;Fortaleza;Ana Oliveira;PlayStation 5;Brandy Warburton;feminino;dinheiro
2026-04-15 18:19:34.263340;1309;Fortaleza;Ana Oliveira;Geladeira Eletrolux;Michael Denton;masculino;pix
2026-04-15 18:53:34.642504;1310;Recife;Carlos Silva;PlayStation 5;John Moss;masculino;boleto
2026-04-15 19:37:32.686002;1311;São Paulo;Maurício Peçanha;Geladeira Eletrolux;Phillip Jurado;masculino;pix
2026-04-15 20:13:36.209000;1312;Recife;Carlos Silva;Geladeira Eletrolux;Hilda Bell;feminino;cartão de crédito
2026-04-15 20:37:34.670540;1313;Fortaleza;Matheus Pereira;Smartphone Samsung Galaxy;Susan Blanchard;feminino;cartão de crédito
2026-04-16 12:46:35.954518;1314;Salvador;Francisco José;SmartTV OLED 4k TCL;James Osborn;masculino;cartão de crédito
2026-04-16 14:19:36.201799;1315;Recife;Carlos Silva;Smartphone Samsung Galaxy;Guadalupe Ingram;masculino;boleto
2026-04-16 16:19:35.782911;1316;Natal;João Pedro;PlayStation 5;Bruce Naill;masculino;dinheiro
2026-04-16 17:15:34.694023;1317;Recife;Carlos Silva;Smartphone Samsung Galaxy;Troy Gagnon;masculino;cartão de crédito
2026-04-16 18:13:33.824723;1318;Natal;Clara Neves;PlayStation 5;Manuel Smith;masculino;dinheiro
2026-04-16 18:33:32.930699;1319;Natal;João Pedro;Geladeira Eletrolux;Joshua Waid;masculino;cartão de crédito
2026-04-17 10:21:32.760521;1320;Fortaleza;Matheus Pereira;PlayStation 5;Sherry Gibler;feminino;boleto
2026-04-17 12:33:34.075752;1321;Fortaleza;Matheus Pereira;PlayStation 5;Evan Ward;masculino;dinheiro
2026-04-17 13:31:34.746474;1322;Fortaleza;Ana Oliveira;Smartwatch QCY;Evelyn Cook;feminino;pix
2026-04-17 17:40:33.297043;1323;Natal;Clara Neves;Smartwatch QCY;Mary Voigt;feminino;pix
2026-04-17 17:42:32.362529;1324;Fortaleza;Matheus Pereira;Geladeira Eletrolux;Wayne Smith;masculino;pix
2026-04-17 19:06:32.366265;1325;Fortaleza;Matheus Pereira;PlayStation 5;Irene Stein;feminino;cartão de crédito
2026-04-17 20:22:35.175139;1326;Salvador;Francisco José;Geladeira Eletrolux;Patrick Mullen;masculino;pix
2026-04-18 09:57:35.216070;1327;Natal;João Pedro;Geladeira Eletrolux;Marion Dant;masculino;dinheiro
2026-04-18 10:38:36.249469;1328;Fortaleza;Ana Oliveira;Smartphone Samsung Galaxy;Timothy Lee;masculino;boleto
2026-04-18 10:44:35.575145;1329;Salvador;Francisco José;SmartTV OLED 4k TCL;Thomas Bernardini;masculino;pix
2026-04-18 12:32:32.334149;1330;Recife;Fernanda Costa;PlayStation 5;Coletta Crosby;feminino;cartão de crédito
2026-04-18 13:44:33.349571;1331;Fortaleza;Matheus Pereira;SmartTV OLED 4k TCL;James Bratcher;masculino;dinheiro
2026-04-18 13:49:34.582832;1332;Natal;Clara Neves;Smartphone Samsung Galaxy;Joyce Yoshida;feminino;dinheiro
2026-04-18 16:48:33.817442;1333;São Paulo;Maurício Peçanha;SmartTV OLED 4k TCL;Jean Janssen;feminino;dinheiro
2026-04-18 17:45:33.296419;1334;São Paulo;Maurício Peçanha;Smartwatch QCY;Christine Potter;feminino;dinheiro
2026-04-18 20:05:34.080393;1335;Fortaleza;Matheus Pereira;PlayStation 5;Eleanor Penwell;feminino;boleto
2026-04-18 20:11:32.525692;1336;São Paulo;Floriana Peixoto;Smartphone Samsung Galaxy;Janice Blevins;feminino;boleto
2026-04-18 20:42:33.103625;1337;Fortaleza;Ana Oliveira;SmartTV OLED 4k TCL;Sarah Leblanc;feminino;dinheiro
2026-04-19 12:02:34.528751;1338;Fortaleza;Matheus Pereira;PlayStation 5;Mitsue Sites;feminino;cartão de crédito
2026-04-19 14:52:33.709428;1339;Salvador;Carla Montenegro;Smartwatch QCY;Jeffrey Wilkerson;masculino;cartão de crédito
2026-04-19 15:12:34.636505;1340;Natal;João Pedro;Smartphone Samsung Galaxy;Karen Weinman;feminino;boleto
2026-04-19 15:38:34.124692;1341;Natal;João Pedro;Geladeira Eletrolux;Mai Ketchum;feminino;dinheiro
2026-04-19 16:16:33.123419;1342;Natal;João Pedro;Geladeira Eletrolux;Roberta Taylor;feminino;boleto
2026-04-19 16:46:32.951751;1343;Fortaleza;Matheus Pereira;Smartwatch QCY;Eugenia Pulaski;feminino;boleto
2026-04-19 18:07:33.267324;1344;Fortaleza;Matheus Pereira;Geladeira Eletrolux;Nancy Kochel;feminino;dinheiro
2026-04-19 19:21:36.274224;1345;Recife;Fernanda Costa;SmartTV OLED 4k TCL;Margaret Byars;feminino;dinheiro
2026-04-20 12:24:34.271246;1346;São Paulo;Maurício Peçanha;Smartphone Samsung Galaxy;Sarita Hamer;feminino;boleto
2026-04-20 14:28:34.235769;1347;São Paulo;Maurício Peçanha;SmartTV OLED 4k TCL;John Murphy;masculino;cartão de crédito
2026-04-20 19:49:36.058711;1348;São Paulo;Floriana Peixoto;Smartphone Samsung Galaxy;Freeda Cerna;feminino;cartão de crédito
2026-04-20 20:08:35.221891;1349;São Paulo;Maurício Peçanha;Geladeira Eletrolux;Matt Mcaninch;masculino;cartão de crédito
2026-04-21 12:07:35.210410;1350;São Paulo;Floriana Peixoto;Smartphone Samsung Galaxy;Lula Kumm;feminino;cartão de crédito
2026-04-21 12:32:33.696729;1351;São Paulo;Maurício Peçanha;PlayStation 5;Cornelia Raspberry;feminino;boleto
2026-04-21 13:35:35.175432;1352;Salvador;Francisco José;Smartwatch QCY;Donna Thomas;feminino;boleto
2026-04-21 14:57:34.992015;1353;Recife;Fernanda Costa;SmartTV OLED 4k TCL;Corey Melvin;masculino;dinheiro
2026-04-21 15:36:34.078083;1354;Fortaleza;Matheus Pereira;Geladeira Eletrolux;Pete Schiff;masculino;pix
2026-04-21 16:02:34.238390;1355;São Paulo;Floriana Peixoto;Smartphone Samsung Galaxy;Gilbert Kendrick;masculino;boleto
2026-04-21 16:15:32.364918;1356;Recife;Fernanda Costa;Smartwatch QCY;Christie Seward;feminino;boleto
2026-04-21 17:02:34.748219;1357;Fortaleza;Matheus Pereira;Smartphone Samsung Galaxy;Norman Hall;masculino;pix
2026-04-21 18:39:36.148072;1358;Salvador;Francisco José;PlayStation 5;Paul Tapley;masculino;boleto
2026-04-21 18:49:33.843330;1359;Recife;Carlos Silva;PlayStation 5;Janice Clark;feminino;dinheiro
2026-04-21 19:31:34.181486;1360;Recife;Fernanda Costa;PlayStation 5;Samuel Brophy;masculino;cartão de crédito
2026-04-22 10:06:36.157183;1361;Salvador;Carla Montenegro;Geladeira Eletrolux;Selma Hooper;feminino;dinheiro
2026-04-22 11:01:32.938719;1362;São Paulo;Maurício Peçanha;PlayStation 5;Kelly Lopez;feminino;boleto
2026-04-22 11:48:35.596062;1363;Salvador;Carla Montenegro;Geladeira Eletrolux;Alexandra Hampshire;feminino;cartão de crédito
2026-04-22 13:24:35.013889;1364;Natal;João Pedro;Geladeira Eletrolux;Gena Beard;feminino;boleto
2026-04-22 13:42:32.629925;1365;Fortaleza;Ana Oliveira;Smartwatch QCY;Bonnie Collier;feminino;cartão de crédito
2026-04-22 15:01:32.232921;1366;Recife;Fernanda Costa;Smartphone Samsung Galaxy;Charles Havener;masculino;boleto
2026-04-22 20:31:33.055378;1367;Recife;Fernanda Costa;Geladeira Eletrolux;Stephanie Hyman;feminino;boleto
2026-04-23 15:41:35.272707;1368;São Paulo;Floriana Peixoto;Smartphone Samsung Galaxy;Duane Combes;masculino;cartão de crédito
2026-04-23 17:05:35.804461;1369;Salvador;Carla Montenegro;Smartphone Samsung Galaxy;Mitchel Fournier;masculino;dinheiro
2026-04-24 11:12:33.807740;1370;Salvador;Francisco José;Geladeira Eletrolux;Steve Ryan;masculino;dinheiro
2026-04-24 12:17:36.381712;1371;Fortaleza;Ana Oliveira;SmartTV OLED 4k TCL;Cecil Tejada;masculino;cartão de crédito
2026-04-24 14:10:32.176150;1372;Natal;João Pedro;Smartphone Samsung Galaxy;James Gurry;masculino;dinheiro
2026-04-25 14:06:35.348306;1373;São Paulo;Floriana Peixoto;Smartwatch QCY;Lori Palen;feminino;boleto
2026-04-25 14:11:35.175573;1374;Salvador;Carla Montenegro;Smartphone Samsung Galaxy;Nicole Hanson;feminino;cartão de crédito
2026-04-25 14:55:32.423363;1375;Fortaleza;Matheus Pereira;PlayStation 5;Harold Springer;masculino;dinheiro
2026-04-25 14:56:36.007007;1376;São Paulo;Floriana Peixoto;Geladeira Eletrolux;Lyle Mccosker;masculino;cartão de crédito
2026-04-25 17:16:33.626826;1377;Salvador;Francisco José;Smartwatch QCY;Barbara Denison;feminino;pix
2026-04-25 17:38:32.482059;1378;Natal;João Pedro;PlayStation 5;Jennifer Hyman;feminino;boleto
2026-04-25 18:08:33.373093;1379;São Paulo;Maurício Peçanha;Smartphone Samsung Galaxy;Martha Cosio;feminino;pix
2026-04-26 11:00:32.480880;1380;Recife;Fernanda Costa;Smartwatch QCY;John Navarrete;masculino;cartão de crédito
2026-04-26 13:45:34.974262;1381;São Paulo;Maurício Peçanha;Geladeira Eletrolux;Benjamin Burch;masculino;dinheiro
2026-04-26 14:52:35.174871;1382;São Paulo;Maurício Peçanha;Geladeira Eletrolux;Cyril Brown;masculino;dinheiro
2026-04-26 15:11:33.358482;1383;Natal;João Pedro;Smartphone Samsung Galaxy;Samuel Bender;masculino;cartão de crédito
2026-04-26 17:10:35.486693;1384;Salvador;Francisco José;Geladeira Eletrolux;Imogene Thornton;feminino;cartão de crédito
2026-04-26 17:24:35.799029;1385;Recife;Fernanda Costa;SmartTV OLED 4k TCL;David Salazar;masculino;boleto
2026-04-26 19:43:35.864051;1386;Recife;Fernanda Costa;SmartTV OLED 4k TCL;Sarah Bradford;feminino;dinheiro
2026-04-27 10:45:35.017784;1387;Salvador;Francisco José;Geladeira Eletrolux;Betty Mcmahon;feminino;boleto
2026-04-27 12:25:36.213731;1388;Recife;Fernanda Costa;Smartwatch QCY;Dennis Griffin;masculino;boleto
2026-04-27 16:04:34.339898;1389;Recife;Fernanda Costa;SmartTV OLED 4k TCL;Kay Parker;feminino;cartão de crédito
2026-04-27 16:37:32.879197;1390;Natal;João Pedro;Smartwatch QCY;Whitney Kane;feminino;boleto
2026-04-27 19:05:33.744954;1391;Salvador;Francisco José;Geladeira Eletrolux;Kum Jackson;feminino;cartão de crédito
2026-04-27 20:38:36.358317;1392;Natal;Clara Neves;PlayStation 5;Travis Stinson;masculino;cartão de crédito
2026-04-28 10:09:35.158113;1393;Fortaleza;Ana Oliveira;SmartTV OLED 4k TCL;Judy Lowers;feminino;boleto
2026-04-28 10:41:34.008613;1394;São Paulo;Floriana Peixoto;PlayStation 5;Priscilla Martin;feminino;boleto
2026-04-28 14:23:35.351988;1395;Recife;Carlos Silva;Smartphone Samsung Galaxy;Ron Diehl;masculino;cartão de crédito
2026-04-28 16:38:33.683947;1396;São Paulo;Floriana Peixoto;Smartwatch QCY;Dana Meldahl;feminino;cartão de crédito
2026-04-28 16:52:34.983576;1397;São Paulo;Maurício Peçanha;Geladeira Eletrolux;Donald Sison;masculino;cartão de crédito
2026-04-29 10:25:33.102331;1398;Salvador;Carla Montenegro;Smartphone Samsung Galaxy;Theresa Field;feminino;cartão de crédito
2026-04-29 11:27:34.338598;1399;Salvador;Carla Montenegro;Smartphone Samsung Galaxy;Lisha Foss;feminino;dinheiro
2026-04-29 14:04:32.512374;1400;Salvador;Francisco José;SmartTV OLED 4k TCL;Karma Humphries;feminino;boleto
2026-04-29 14:22:32.134639;1401;Natal;João Pedro;Geladeira Eletrolux;Pamela Calisto;feminino;cartão de crédito
2026-04-29 15:57:34.236333;1402;Salvador;Francisco José;SmartTV OLED 4k TCL;Donald Kim;masculino;boleto
2026-04-29 17:28:36.357458;1403;Salvador;Francisco José;Smartphone Samsung Galaxy;Peggy Stanley;feminino;boleto
2026-04-29 17:56:36.465223;1404;São Paulo;Maurício Peçanha;Smartwatch QCY;Laura Breau;feminino;cartão de crédito
2026-04-29 19:43:36.367622;1405;Natal;João Pedro;Geladeira Eletrolux;Mary Cunningham;feminino;cartão de crédito
2026-04-30 12:03:32.369472;1406;Recife;Carlos Silva;Geladeira Eletrolux;George Kenney;masculino;pix
2026-04-30 14:21:33.005401;1407;Salvador;Carla Montenegro;Smartphone Samsung Galaxy;Helen Garcia;feminino;dinheiro
2026-04-30 16:21:33.628325;1408;Recife;Carlos Silva;Geladeira Eletrolux;John Nunez;masculino;dinheiro
2026-04-30 20:30:34.920987;1409;Salvador;Carla Montenegro;Geladeira Eletrolux;Raymond Radford;masculino;boleto
2026-05-01 16:54:33.710975;1410;Fortaleza;Ana Oliveira;PlayStation 5;Stephen Brister;masculino;cartão de crédito
2026-05-01 19:54:36.120332;1411;Natal;João Pedro;Smartwatch QCY;Christine Strouse;feminino;dinheiro
2026-05-02 13:55:33.100449;1412;Natal;Clara Neves;Geladeira Eletrolux;Robert Herrmann;masculino;cartão de crédito
2026-05-02 16:16:34.680177;1413;Fortaleza;Matheus Pereira;Geladeira Eletrolux;Laurence Sims;masculino;boleto
2026-05-02 17:14:34.015123;1414;Recife;Fernanda Costa;Smartwatch QCY;Toni Zamorano;feminino;cartão de crédito
2026-05-02 20:19:35.057105;1415;Fortaleza;Matheus Pereira;PlayStation 5;Mitchell Blakes;masculino;boleto
2026-05-03 12:01:35.067049;1416;Recife;Carlos Silva;Smartwatch QCY;Thomas Barnett;masculino;cartão de crédito
2026-05-03 15:37:35.834367;1417;São Paulo;Floriana Peixoto;Smartwatch QCY;Pamela Blaisdell;feminino;dinheiro
2026-05-03 15:47:35.272194;1418;São Paulo;Maurício Peçanha;Geladeira Eletrolux;Carmen Buckner;feminino;cartão de crédito
2026-05-03 16:11:36.062836;1419;São Paulo;Floriana Peixoto;Smartphone Samsung Galaxy;Kimberly Simmons;feminino;pix
2026-05-03 16:38:32.565307;1420;Natal;João Pedro;SmartTV OLED 4k TCL;Barbara Colton;feminino;dinheiro
2026-05-03 18:30:32.311779;1421;São Paulo;Maurício Peçanha;SmartTV OLED 4k TCL;Lois Robertson;feminino;pix
2026-05-03 20:21:33.542630;1422;São Paulo;Floriana Peixoto;SmartTV OLED 4k TCL;Linda Charbonneau;feminino;boleto
2026-05-04 10:39:35.795239;1423;Salvador;Francisco José;Smartwatch QCY;Clifton Bourn;masculino;pix
2026-05-04 12:19:32.263519;1424;São Paulo;Maurício Peçanha;PlayStation 5;Song Christensen;feminino;cartão de crédito
2026-05-04 16:22:36.026450;1425;Fortaleza;Matheus Pereira;Geladeira Eletrolux;Anita Johnson;feminino;pix
2026-05-04 17:18:32.310574;1426;Natal;Clara Neves;PlayStation 5;Paul Barney;masculino;boleto
2026-05-04 18:33:35.720289;1427;Fortaleza;Ana Oliveira;Geladeira Eletrolux;Nicholas Crye;masculino;pix
2026-05-04 18:38:34.942178;1428;Natal;Clara Neves;SmartTV OLED 4k TCL;Jennifer Pena;feminino;dinheiro
2026-05-04 20:15:33.825445;1429;Recife;Carlos Silva;SmartTV OLED 4k TCL;June Goins;feminino;boleto
2026-05-05 15:26:33.496337;1430;Fortaleza;Matheus Pereira;Smartphone Samsung Galaxy;Dominic Thomas;masculino;pix
2026-05-05 16:57:33.280441;1431;São Paulo;Floriana Peixoto;Geladeira Eletrolux;Lawrence Mccumber;masculino;pix
2026-05-06 09:46:35.578754;1432;Natal;Clara Neves;SmartTV OLED 4k TCL;Susan Garcia;feminino;boleto
2026-05-06 13:05:35.091385;1433;Recife;Carlos Silva;Smartwatch QCY;Reyes Aiyer;masculino;boleto
2026-05-06 14:31:33.709729;1434;Fortaleza;Matheus Pereira;SmartTV OLED 4k TCL;Willie Thurston;masculino;dinheiro
2026-05-06 17:11:32.236921;1435;Recife;Carlos Silva;Geladeira Eletrolux;Fred Gallagher;masculino;pix
2026-05-06 18:13:34.127697;1436;Fortaleza;Ana Oliveira;Smartwatch QCY;Ronald Vasquez;masculino;pix
2026-05-06 20:15:34.042317;1437;Natal;Clara Neves;PlayStation 5;Chris Ellis;masculino;pix
2026-05-07 11:37:34.582481;1438;São Paulo;Floriana Peixoto;PlayStation 5;Cheryl Brown;feminino;pix
2026-05-07 13:24:36.217980;1439;São Paulo;Maurício Peçanha;SmartTV OLED 4k TCL;Robby Schultz;masculino;boleto
2026-05-07 15:01:32.753307;1440;São Paulo;Floriana Peixoto;Smartphone Samsung Galaxy;Eusebio Barton;masculino;pix
2026-05-07 17:29:34.578304;1441;Natal;Clara Neves;Smartphone Samsung Galaxy;Jesse Gibson;masculino;dinheiro
2026-05-08 12:52:33.920020;1442;Natal;João Pedro;SmartTV OLED 4k TCL;Carmen Milligan;feminino;cartão de crédito
2026-05-08 16:05:32.384399;1443;Recife;Carlos Silva;SmartTV OLED 4k TCL;Joey Jacob;masculino;dinheiro
2026-05-08 17:48:32.274057;1444;Salvador;Carla Montenegro;PlayStation 5;Glenda Davies;feminino;cartão de crédito
2026-05-08 19:59:33.826734;1445;São Paulo;Floriana Peixoto;Geladeira Eletrolux;Rosalinda Small;feminino;pix
2026-05-09 10:34:35.658301;1446;Natal;João Pedro;SmartTV OLED 4k TCL;Anthony Sharley;masculino;pix
2026-05-09 12:00:35.030274;1447;São Paulo;Floriana Peixoto;PlayStation 5;Cristina Plemons;feminino;boleto
2026-05-09 12:22:32.907373;1448;Fortaleza;Ana Oliveira;Smartphone Samsung Galaxy;Bobby Lai;masculino;boleto
2026-05-09 14:23:34.140391;1449;São Paulo;Floriana Peixoto;PlayStation 5;Joseph Tidwell;masculino;pix
2026-05-09 14:44:35.712052;1450;Natal;João Pedro;Smartwatch QCY;David Garrett;masculino;boleto
2026-05-09 16:17:32.717373;1451;Recife;Fernanda Costa;Smartphone Samsung Galaxy;Pamela Lockwood;feminino;boleto
2026-05-09 17:17:33.864182;1452;Natal;João Pedro;SmartTV OLED 4k TCL;Walter Mitchell;masculino;pix
2026-05-09 17:42:35.150139;1453;Natal;João Pedro;Smartphone Samsung Galaxy;Patricia Jordan;feminino;dinheiro
2026-05-09 19:10:34.126129;1454;Recife;Carlos Silva;SmartTV OLED 4k TCL;Tyrone Bean;masculino;dinheiro
2026-05-10 14:11:35.708320;1455;Fortaleza;Ana Oliveira;SmartTV OLED 4k TCL;Mary Dawson;feminino;pix
2026-05-10 14:13:33.092256;1456;Salvador;Francisco José;Smartwatch QCY;James Mischke;masculino;pix
2026-05-11 11:12:32.363768;1457;Fortaleza;Ana Oliveira;Smartwatch QCY;Robert Prince;masculino;boleto
2026-05-11 13:05:33.465027;1458;Fortaleza;Matheus Pereira;Smartphone Samsung Galaxy;Pamela Mendibles;feminino;pix
2026-05-11 17:44:32.442590;1459;São Paulo;Maurício Peçanha;PlayStation 5;Young Cea;feminino;dinheiro
2026-05-11 18:38:35.954304;1460;Natal;João Pedro;PlayStation 5;William Wyatt;masculino;pix
2026-05-11 20:06:35.210120;1461;Recife;Fernanda Costa;PlayStation 5;Janine Wolfe;feminino;dinheiro
2026-05-11 20:16:35.578935;1462;Natal;Clara Neves;Geladeira Eletrolux;Robert Bonner;masculino;dinheiro
2026-05-12 10:27:32.624456;1463;Natal;João Pedro;PlayStation 5;Teresa Marrin;feminino;boleto
2026-05-13 09:44:33.546685;1464;São Paulo;Floriana Peixoto;Smartwatch QCY;Stephanie Umbaugh;feminino;boleto
2026-05-13 10:36:35.842798;1465;Fortaleza;Ana Oliveira;Smartphone Samsung Galaxy;Franklin Martinez;masculino;dinheiro
2026-05-13 10:53:32.583015;1466;Fortaleza;Matheus Pereira;PlayStation 5;Philip Urey;masculino;dinheiro
2026-05-13 15:46:35.484774;1467;Fortaleza;Matheus Pereira;SmartTV OLED 4k TCL;Jose Whitley;masculino;pix
2026-05-13 17:21:33.798046;1468;Salvador;Francisco José;PlayStation 5;Sharon Gonzalez;feminino;boleto
2026-05-13 19:31:34.772996;1469;Salvador;Carla Montenegro;Smartphone Samsung Galaxy;Kenneth Booth;masculino;dinheiro
2026-05-13 19:53:34.688691;1470;Salvador;Carla Montenegro;Geladeira Eletrolux;Thomas Heckman;masculino;dinheiro
2026-05-13 20:38:33.541424;1471;Natal;João Pedro;SmartTV OLED 4k TCL;Craig Rayford;masculino;pix
2026-05-14 11:05:36.190003;1472;Fortaleza;Ana Oliveira;Geladeira Eletrolux;Johnathan Yasutake;masculino;cartão de crédito
2026-05-14 14:22:36.083984;1473;São Paulo;Maurício Peçanha;Geladeira Eletrolux;Linda Melendez;feminino;cartão de crédito
2026-05-14 15:43:33.679830;1474;Fortaleza;Matheus Pereira;PlayStation 5;Marcus Wilson;masculino;boleto
2026-05-14 18:44:35.876913;1475;São Paulo;Maurício Peçanha;Geladeira Eletrolux;Natasha Jones;feminino;dinheiro
2026-05-14 18:53:32.671837;1476;São Paulo;Maurício Peçanha;PlayStation 5;Patricia Schroder;feminino;dinheiro
2026-05-15 11:59:34.728473;1477;Natal;João Pedro;Smartphone Samsung Galaxy;Hildegarde Boesiger;feminino;pix
2026-05-15 14:05:34.487653;1478;Recife;Carlos Silva;PlayStation 5;William Turner;masculino;dinheiro
2026-05-15 14:34:36.451234;1479;Natal;Clara Neves;SmartTV OLED 4k TCL;Adolph Morgan;masculino;boleto
2026-05-15 14:35:33.861883;1480;Fortaleza;Matheus Pereira;SmartTV OLED 4k TCL;Dana Dolan;feminino;dinheiro
2026-05-15 14:48:36.152580;1481;Salvador;Francisco José;Smartwatch QCY;William Coleman;masculino;pix
2026-05-15 16:16:32.570124;1482;Fortaleza;Ana Oliveira;Geladeira Eletrolux;Robert Benge;masculino;pix
2026-05-15 18:07:35.818454;1483;Salvador;Francisco José;PlayStation 5;Gussie Drum;feminino;dinheiro
2026-05-15 18:31:32.758528;1484;Salvador;Carla Montenegro;Smartphone Samsung Galaxy;Annette Orange;feminino;pix
2026-05-16 09:59:33.570067;1485;São Paulo;Floriana Peixoto;SmartTV OLED 4k TCL;Joseph Gutierrez;masculino;pix
2026-05-16 11:59:36.235039;1486;Salvador;Carla Montenegro;Smartphone Samsung Galaxy;Ebony Jackson;feminino;pix
2026-05-16 13:09:35.015019;1487;Recife;Fernanda Costa;Smartwatch QCY;Joanne Mcghee;feminino;cartão de crédito
2026-05-16 14:36:35.891911;1488;Salvador;Carla Montenegro;SmartTV OLED 4k TCL;Larry Mccown;masculino;boleto
2026-05-16 17:20:35.678509;1489;São Paulo;Maurício Peçanha;PlayStation 5;Debra Mccrary;feminino;pix
2026-05-16 19:54:34.832293;1490;Recife;Carlos Silva;Geladeira Eletrolux;Florence Delisle;feminino;cartão de crédito
2026-05-16 20:31:32.721383;1491;Natal;João Pedro;PlayStation 5;Larry Smith;masculino;pix
2026-05-17 10:15:34.641039;1492;São Paulo;Maurício Peçanha;PlayStation 5;Robert Coppola;masculino;dinheiro
2026-05-17 10:25:34.502221;1493;Recife;Carlos Silva;Smartwatch QCY;Floyd Schacht;masculino;dinheiro
2026-05-17 11:45:33.132224;1494;Natal;Clara Neves;Smartphone Samsung Galaxy;Jerry Vanzant;masculino;dinheiro
2026-05-17 12:03:33.970878;1495;Natal;João Pedro;Geladeira Eletrolux;Viola Flynn;feminino;dinheiro
2026-05-17 12:52:34.448637;1496;São Paulo;Maurício Peçanha;PlayStation 5;Milford Fernandez;masculino;dinheiro
2026-05-17 15:17:35.831021;1497;Salvador;Francisco José;Smartwatch QCY;Tanya Morgan;feminino;dinheiro
2026-05-17 15:32:34.670805;1498;Fortaleza;Matheus Pereira;PlayStation 5;Brandon Avery;masculino;dinheiro
2026-05-17 18:02:34.717871;1499;Salvador;Francisco José;Smartwatch QCY;Evelyn Garner;feminino;dinheiro
2026-05-17 18:24:32.287388;1500;Fortaleza;Ana Oliveira;PlayStation 5;Virginia Thompson;feminino;cartão de crédito
2026-05-17 20:14:34.338144;1501;Recife;Fernanda Costa;Smartwatch QCY;Georgia Olson;feminino;cartão de crédito
2026-05-18 10:05:34.446668;1502;Salvador;Carla Montenegro;PlayStation 5;Gary Odum;masculino;dinheiro
2026-05-18 11:31:36.047845;1503;São Paulo;Floriana Peixoto;PlayStation 5;Sharon Rapp;feminino;dinheiro
2026-05-18 19:02:32.753827;1504;Natal;João Pedro;Smartphone Samsung Galaxy;Wendy Jones;feminino;boleto
2026-05-19 10:42:34.983126;1505;São Paulo;Floriana Peixoto;SmartTV OLED 4k TCL;Clifton Jones;masculino;pix
2026-05-19 11:28:36.353760;1506;São Paulo;Floriana Peixoto;Smartwatch QCY;Margaret Stark;feminino;cartão de crédito
2026-05-19 11:36:33.052887;1507;Natal;Clara Neves;Smartwatch QCY;Jason Baum;masculino;boleto
2026-05-19 13:49:33.294805;1508;Salvador;Francisco José;Geladeira Eletrolux;Douglas Gervais;masculino;pix
2026-05-19 20:13:33.097905;1509;Salvador;Francisco José;PlayStation 5;Carla Christner;feminino;boleto
2026-05-20 10:37:34.145616;1510;Salvador;Carla Montenegro;Geladeira Eletrolux;Eddie Robbins;masculino;cartão de crédito
2026-05-20 12:11:34.677098;1511;Fortaleza;Ana Oliveira;Smartwatch QCY;Erica Hinrichs;feminino;dinheiro
2026-05-20 12:47:33.926888;1512;Salvador;Carla Montenegro;PlayStation 5;Sabrina Kalar;feminino;cartão de crédito
2026-05-20 12:50:36.523472;1513;São Paulo;Floriana Peixoto;SmartTV OLED 4k TCL;Barbara Madison;feminino;cartão de crédito
2026-05-20 15:30:34.783087;1514;São Paulo;Maurício Peçanha;Smartwatch QCY;Richard Pokswinski;masculino;dinheiro
2026-05-20 16:08:36.144651;1515;Natal;João Pedro;Geladeira Eletrolux;Pete Cifuentes;masculino;boleto
2026-05-20 16:40:34.642249;1516;Recife;Fernanda Costa;Smartphone Samsung Galaxy;Leroy Cruz;masculino;dinheiro
2026-05-20 20:25:36.152455;1517;São Paulo;Floriana Peixoto;Geladeira Eletrolux;Linda Webb;feminino;boleto
2026-05-21 10:56:32.879792;1518;Salvador;Francisco José;Geladeira Eletrolux;Terry Smith;feminino;dinheiro
2026-05-21 11:18:36.394146;1519;Fortaleza;Matheus Pereira;Smartwatch QCY;Darrell Collins;masculino;cartão de crédito
2026-05-21 11:38:36.099660;1520;Recife;Fernanda Costa;Smartwatch QCY;Matthew Donofrio;masculino;dinheiro
2026-05-21 11:44:34.677025;1521;Natal;João Pedro;Smartwatch QCY;Joshua Davis;masculino;boleto
2026-05-21 15:35:34.981694;1522;São Paulo;Maurício Peçanha;SmartTV OLED 4k TCL;Brent Dew;masculino;dinheiro
2026-05-21 16:25:35.469684;1523;Fortaleza;Matheus Pereira;Smartwatch QCY;Steven Martin;masculino;cartão de crédito
2026-05-21 19:35:36.154994;1524;Recife;Carlos Silva;Geladeira Eletrolux;Patrick Mohan;masculino;pix
2026-05-22 10:33:32.271707;1525;Salvador;Carla Montenegro;SmartTV OLED 4k TCL;Ira Gibson;masculino;cartão de crédito
2026-05-22 15:35:34.721530;1526;Salvador;Carla Montenegro;Smartwatch QCY;Warren Noel;masculino;pix
2026-05-23 10:55:34.803675;1527;Salvador;Carla Montenegro;Smartphone Samsung Galaxy;Jeffrey Larowe;masculino;boleto
2026-05-23 14:36:33.710823;1528;Fortaleza;Ana Oliveira;Smartwatch QCY;Jessica Johnson;feminino;dinheiro
2026-05-23 15:54:35.934988;1529;São Paulo;Maurício Peçanha;PlayStation 5;Valentine Shook;feminino;cartão de crédito
2026-05-23 18:31:34.428390;1530;Salvador;Carla Montenegro;Smartwatch QCY;David Larsen;masculino;cartão de crédito
2026-05-23 19:33:36.032257;1531;Natal;Clara Neves;Smartphone Samsung Galaxy;James Ratterree;masculino;boleto
2026-05-23 19:36:34.500991;1532;Salvador;Francisco José;Smartphone Samsung Galaxy;Loretta Deaton;feminino;boleto
2026-05-23 19:54:35.954911;1533;São Paulo;Floriana Peixoto;Geladeira Eletrolux;James Orellana;masculino;boleto
2026-05-24 10:53:35.817790;1534;Natal;João Pedro;PlayStation 5;Connie Pierce;feminino;boleto
2026-05-24 19:00:35.557737;1535;São Paulo;Maurício Peçanha;Smartwatch QCY;Michael Forget;masculino;pix
2026-05-24 19:01:34.975156;1536;Fortaleza;Ana Oliveira;Smartwatch QCY;Michael Garcia;masculino;cartão de crédito
2026-05-24 19:59:33.488858;1537;Natal;João Pedro;SmartTV OLED 4k TCL;Brenda Riso;feminino;boleto
2026-05-25 10:43:35.023641;1538;Natal;João Pedro;Geladeira Eletrolux;Berry Bailey;masculino;boleto
2026-05-25 11:50:35.582151;1539;Natal;João Pedro;Geladeira Eletrolux;Lonnie Bond;masculino;pix
2026-05-25 12:00:35.444746;1540;Salvador;Carla Montenegro;Smartphone Samsung Galaxy;June Riddley;feminino;boleto
2026-05-25 16:40:32.385429;1541;Fortaleza;Matheus Pereira;Smartphone Samsung Galaxy;Jesus Ramirez;masculino;boleto
2026-05-25 17:43:33.284372;1542;Fortaleza;Ana Oliveira;SmartTV OLED 4k TCL;Margie Delaney;feminino;boleto
2026-05-25 17:52:35.952588;1543;Recife;Carlos Silva;Smartphone Samsung Galaxy;Debra Bolding;feminino;cartão de crédito
2026-05-25 19:51:35.619089;1544;Fortaleza;Matheus Pereira;Smartphone Samsung Galaxy;Julie Senft;feminino;cartão de crédito
2026-05-26 10:27:36.223865;1545;Recife;Carlos Silva;Geladeira Eletrolux;Harry Stevens;masculino;boleto
2026-05-26 12:19:33.321102;1546;Salvador;Carla Montenegro;SmartTV OLED 4k TCL;Andrea Gibbs;feminino;dinheiro
2026-05-26 17:01:33.053576;1547;Fortaleza;Matheus Pereira;Smartphone Samsung Galaxy;Brian Kingsley;masculino;cartão de crédito
2026-05-26 17:59:34.657210;1548;Recife;Fernanda Costa;Geladeira Eletrolux;Patrick Estrada;masculino;boleto
2026-05-26 19:29:32.360868;1549;Recife;Carlos Silva;Smartwatch QCY;Freddy Kimura;masculino;dinheiro
2026-05-27 10:20:36.101422;1550;Recife;Carlos Silva;Smartwatch QCY;Eleanore Williams;feminino;dinheiro
2026-05-27 11:48:32.808970;1551;Recife;Carlos Silva;Smartwatch QCY;Felix Wade;masculino;cartão de crédito
2026-05-27 13:49:35.926900;1552;Recife;Fernanda Costa;Geladeira Eletrolux;Dale Herrera;masculino;boleto
2026-05-27 14:04:36.160260;1553;Salvador;Francisco José;Smartphone Samsung Galaxy;Alice Vilven;feminino;boleto
2026-05-27 17:13:35.573468;1554;Recife;Carlos Silva;Smartphone Samsung Galaxy;Marie Pino;feminino;boleto
2026-05-27 19:55:32.835220;1555;Salvador;Francisco José;SmartTV OLED 4k TCL;Jeffery Francois;masculino;cartão de crédito
2026-05-28 16:18:34.140797;1556;Recife;Fernanda Costa;PlayStation 5;James Gouin;masculino;dinheiro
2026-05-28 19:17:33.664872;1557;Recife;Fernanda Costa;Geladeira Eletrolux;Barry Mohan;masculino;cartão de crédito
2026-05-28 19:42:34.284069;1558;São Paulo;Maurício Peçanha;PlayStation 5;Fernando Hicks;masculino;dinheiro
2026-05-28 20:11:34.899516;1559;Natal;João Pedro;SmartTV OLED 4k TCL;Tommie Slocum;masculino;dinheiro
2026-05-29 11:48:33.384499;1560;São Paulo;Floriana Peixoto;Smartwatch QCY;Clarissa Milton;feminino;cartão de crédito
2026-05-29 12:03:34.116678;1561;Fortaleza;Ana Oliveira;Smartwatch QCY;Gale Sander;masculino;pix
2026-05-29 13:13:34.990778;1562;São Paulo;Floriana Peixoto;Geladeira Eletrolux;Salley Wiggins;feminino;pix
2026-05-29 14:06:35.802414;1563;Natal;João Pedro;PlayStation 5;Vincent Lopez;masculino;cartão de crédito
2026-05-29 16:20:32.148574;1564;Natal;João Pedro;Smartphone Samsung Galaxy;Kristi Scarnati;feminino;cartão de crédito
2026-05-29 16:48:33.641203;1565;Salvador;Francisco José;Smartphone Samsung Galaxy;Ronnie Mcqueen;feminino;boleto
2026-05-29 18:21:34.112099;1566;Recife;Carlos Silva;Smartwatch QCY;Betty Howard;feminino;boleto
2026-05-29 19:39:36.213842;1567;São Paulo;Floriana Peixoto;Geladeira Eletrolux;Nancy Kirchoff;feminino;cartão de crédito
2026-05-30 12:43:33.215973;1568;Recife;Carlos Silva;SmartTV OLED 4k TCL;Martin Edwards;masculino;dinheiro
2026-05-30 13:33:34.265267;1569;Fortaleza;Ana Oliveira;Geladeira Eletrolux;Paul Chase;masculino;dinheiro
2026-05-30 15:13:33.521750;1570;Salvador;Carla Montenegro;PlayStation 5;Jesse Mckay;masculino;dinheiro
2026-05-30 15:26:32.960387;1571;Salvador;Francisco José;Geladeira Eletrolux;Jeremy Hoffman;masculino;dinheiro
2026-05-30 15:31:35.805166;1572;Salvador;Francisco José;PlayStation 5;Craig Bellamy;masculino;boleto
2026-05-30 16:10:33.910876;1573;Recife;Carlos Silva;Smartphone Samsung Galaxy;Monica Cordle;feminino;cartão de crédito
2026-05-30 16:46:33.006671;1574;Fortaleza;Ana Oliveira;SmartTV OLED 4k TCL;Allison Lovecchio;feminino;pix
2026-05-30 17:26:34.077396;1575;Natal;João Pedro;Smartwatch QCY;Jean Saylor;feminino;dinheiro
2026-05-30 18:08:35.135395;1576;Recife;Carlos Silva;Smartphone Samsung Galaxy;Keith Blecha;masculino;cartão de crédito
2026-05-30 20:33:33.723904;1577;São Paulo;Floriana Peixoto;Geladeira Eletrolux;Ralph Coste;masculino;pix
2026-05-31 13:07:32.363097;1578;Salvador;Carla Montenegro;Smartwatch QCY;Susan Green;feminino;cartão de crédito
2026-05-31 14:19:34.665698;1579;Fortaleza;Matheus Pereira;PlayStation 5;Clifford Anderson;masculino;cartão de crédito
2026-05-31 15:20:36.157951;1580;Recife;Fernanda Costa;Smartphone Samsung Galaxy;Eva Eldridge;feminino;cartão de crédito
2026-05-31 16:17:34.831846;1581;Natal;Clara Neves;PlayStation 5;Edward Johnson;masculino;boleto
2026-05-31 16:49:34.797380;1582;Natal;João Pedro;SmartTV OLED 4k TCL;Joshua Michael;masculino;cartão de crédito
2026-05-31 17:33:34.584729;1583;São Paulo;Floriana Peixoto;Smartwatch QCY;Virginia Bouck;feminino;pix
2026-06-01 11:06:35.334413;1584;Natal;Clara Neves;Smartphone Samsung Galaxy;Mike Martinez;masculino;boleto
2026-06-01 17:42:32.997586;1585;Recife;Carlos Silva;Smartphone Samsung Galaxy;Jessica Holley;feminino;dinheiro
2026-06-01 17:50:36.253609;1586;São Paulo;Maurício Peçanha;Smartwatch QCY;Jodi Adams;feminino;cartão de crédito
2026-06-02 11:24:33.807875;1587;São Paulo;Maurício Peçanha;PlayStation 5;Irene Gordon;feminino;pix
2026-06-02 12:20:36.444078;1588;Natal;João Pedro;PlayStation 5;Janet Huxtable;feminino;pix
2026-06-02 12:33:32.721690;1589;Natal;João Pedro;SmartTV OLED 4k TCL;John Fried;masculino;boleto
2026-06-02 15:52:34.667500;1590;Salvador;Carla Montenegro;Smartphone Samsung Galaxy;Todd Souza;masculino;boleto
2026-06-02 17:37:35.794787;1591;Fortaleza;Matheus Pereira;Smartphone Samsung Galaxy;Lillie Hammond;feminino;dinheiro
2026-06-02 17:55:32.244195;1592;São Paulo;Maurício Peçanha;SmartTV OLED 4k TCL;Susan Romo;feminino;pix
2026-06-02 20:16:33.234721;1593;Recife;Carlos Silva;Smartwatch QCY;Sheldon Griffin;masculino;dinheiro
2026-06-03 09:45:35.965466;1594;Recife;Fernanda Costa;Geladeira Eletrolux;Richard Melle;masculino;pix
2026-06-03 10:11:34.448969;1595;Recife;Carlos Silva;Geladeira Eletrolux;Estefana Boyle;feminino;boleto
2026-06-03 16:35:33.655467;1596;São Paulo;Maurício Peçanha;Geladeira Eletrolux;Bernard Olive;masculino;cartão de crédito
2026-06-03 16:45:35.836394;1597;Salvador;Francisco José;Geladeira Eletrolux;Martin Schwartz;masculino;boleto
2026-06-03 18:34:36.086074;1598;Salvador;Francisco José;Geladeira Eletrolux;Edward Robles;masculino;boleto
2026-06-04 10:00:36.101956;1599;São Paulo;Floriana Peixoto;PlayStation 5;Mary Zohn;feminino;pix
2026-06-04 11:35:34.357736;1600;Fortaleza;Ana Oliveira;Smartwatch QCY;Marilu Chaparro;feminino;pix
2026-06-04 11:45:33.913800;1601;Fortaleza;Matheus Pereira;Geladeira Eletrolux;Lorraine Hall;feminino;cartão de crédito
2026-06-04 12:24:34.284324;1602;São Paulo;Floriana Peixoto;Smartwatch QCY;Todd Hernandez;masculino;pix
2026-06-04 13:20:35.174070;1603;Salvador;Carla Montenegro;Geladeira Eletrolux;Agnes Piper;feminino;dinheiro
2026-06-04 16:43:35.065327;1604;São Paulo;Floriana Peixoto;PlayStation 5;Willie Rodriguez;masculino;pix
2026-06-04 18:15:33.923297;1605;Recife;Fernanda Costa;SmartTV OLED 4k TCL;Brenda Longino;feminino;cartão de crédito
2026-06-04 18:32:32.526109;1606;Fortaleza;Matheus Pereira;SmartTV OLED 4k TCL;Miguel Williams;masculino;pix
2026-06-05 15:17:34.451505;1607;Salvador;Francisco José;Smartwatch QCY;David Likio;masculino;cartão de crédito
2026-06-05 15:29:36.086294;1608;Salvador;Carla Montenegro;SmartTV OLED 4k TCL;Hester Jackson;feminino;pix
2026-06-05 18:45:35.220659;1609;Salvador;Carla Montenegro;Geladeira Eletrolux;Kimberly Rogers;feminino;cartão de crédito
2026-06-05 19:00:33.437802;1610;Recife;Fernanda Costa;Smartphone Samsung Galaxy;James Allen;masculino;boleto
2026-06-05 19:10:35.013184;1611;Natal;João Pedro;SmartTV OLED 4k TCL;William Brennan;masculino;pix
2026-06-06 11:42:34.826246;1612;Fortaleza;Ana Oliveira;Smartphone Samsung Galaxy;Verdie Johnsen;feminino;pix
2026-06-06 11:50:33.871673;1613;Recife;Carlos Silva;Smartphone Samsung Galaxy;Lisa Ingram;feminino;boleto
2026-06-06 13:38:35.469533;1614;Salvador;Francisco José;Smartphone Samsung Galaxy;Dawn Holland;feminino;cartão de crédito
2026-06-06 16:10:36.083594;1615;Recife;Carlos Silva;SmartTV OLED 4k TCL;Daniel Mooney;masculino;cartão de crédito
2026-06-06 17:05:35.581318;1616;Natal;Clara Neves;SmartTV OLED 4k TCL;Tony Mcguire;masculino;cartão de crédito
2026-06-06 20:16:35.655615;1617;Salvador;Francisco José;PlayStation 5;Delcie Bone;feminino;dinheiro
2026-06-06 20:29:33.189408;1618;Natal;João Pedro;PlayStation 5;Charles Norris;masculino;pix
2026-06-07 12:58:32.370019;1619;Recife;Fernanda Costa;SmartTV OLED 4k TCL;Vernon Mortimer;masculino;boleto
2026-06-07 13:03:34.234993;1620;São Paulo;Floriana Peixoto;Smartphone Samsung Galaxy;Harry Patton;masculino;pix
2026-06-07 14:23:33.540479;1621;Salvador;Carla Montenegro;SmartTV OLED 4k TCL;Michele Sowers;feminino;pix
2026-06-07 18:11:36.502900;1622;Natal;João Pedro;Smartphone Samsung Galaxy;Grace Holt;feminino;pix
2026-06-08 10:51:35.905015;1623;Natal;Clara Neves;SmartTV OLED 4k TCL;Danny Oliver;masculino;pix
2026-06-08 13:47:36.509803;1624;Fortaleza;Matheus Pereira;PlayStation 5;James Williams;masculino;cartão de crédito
2026-06-08 17:08:34.668024;1625;Natal;João Pedro;PlayStation 5;Helen Farmer;feminino;boleto
2026-06-08 17:18:33.064849;1626;Fortaleza;Matheus Pereira;Smartphone Samsung Galaxy;Thomas Nixon;masculino;pix
2026-06-08 17:42:32.456382;1627;Natal;João Pedro;Smartphone Samsung Galaxy;Alma Pence;feminino;cartão de crédito
2026-06-08 19:24:34.319741;1628;São Paulo;Maurício Peçanha;Smartwatch QCY;Leah Wiser;feminino;boleto
2026-06-09 14:42:33.092069;1629;São Paulo;Floriana Peixoto;PlayStation 5;Woodrow Mitchell;masculino;cartão de crédito
2026-06-09 15:43:35.629477;1630;Natal;Clara Neves;PlayStation 5;Bonnie Jackson;feminino;pix
2026-06-09 16:43:34.408113;1631;São Paulo;Floriana Peixoto;PlayStation 5;Patti Cianciola;feminino;cartão de crédito
2026-06-09 17:49:35.485099;1632;Recife;Fernanda Costa;Smartphone Samsung Galaxy;Kimberly Wyche;feminino;pix
2026-06-09 19:43:32.926248;1633;Salvador;Carla Montenegro;Geladeira Eletrolux;Kira Easterling;feminino;pix
2026-06-09 19:54:33.321351;1634;Fortaleza;Ana Oliveira;Geladeira Eletrolux;Herbert Thomas;masculino;dinheiro
2026-06-10 11:14:35.493400;1635;Recife;Fernanda Costa;PlayStation 5;Jennie Roberts;feminino;dinheiro
2026-06-10 12:17:35.433680;1636;São Paulo;Floriana Peixoto;Geladeira Eletrolux;Aurea Barnett;feminino;pix
2026-06-10 15:22:35.848662;1637;Salvador;Francisco José;PlayStation 5;Glenn Lewis;masculino;dinheiro
2026-06-10 18:13:36.058609;1638;Recife;Fernanda Costa;Smartphone Samsung Galaxy;Richard Hernandez;masculino;dinheiro
2026-06-10 18:22:32.768086;1639;Recife;Carlos Silva;Smartphone Samsung Galaxy;David Manns;masculino;dinheiro
2026-06-10 18:28:34.335204;1640;São Paulo;Floriana Peixoto;SmartTV OLED 4k TCL;Ramon Nivens;masculino;pix
2026-06-10 19:24:33.986827;1641;Fortaleza;Ana Oliveira;Geladeira Eletrolux;Robert Griffith;masculino;dinheiro
2026-06-10 20:16:33.536048;1642;Natal;João Pedro;Smartphone Samsung Galaxy;Roosevelt Guerrero;masculino;dinheiro
2026-06-11 11:50:36.295677;1643;Fortaleza;Matheus Pereira;Smartwatch QCY;Alvin Ortiz;masculino;cartão de crédito
2026-06-11 12:28:33.920977;1644;Fortaleza;Ana Oliveira;Smartwatch QCY;Shirley Irvine;feminino;pix
2026-06-11 13:43:33.937103;1645;Salvador;Carla Montenegro;Smartphone Samsung Galaxy;Ashley Cobb;feminino;cartão de crédito
2026-06-11 18:51:34.773349;1646;Natal;João Pedro;Smartphone Samsung Galaxy;Debora Ruiz;feminino;boleto
2026-06-12 10:22:33.771010;1647;Recife;Carlos Silva;SmartTV OLED 4k TCL;Shannon Harris;feminino;cartão de crédito
2026-06-12 12:03:35.249332;1648;Salvador;Carla Montenegro;Geladeira Eletrolux;Susanne Vasquez;feminino;dinheiro
2026-06-12 16:16:32.613948;1649;Salvador;Carla Montenegro;Smartphone Samsung Galaxy;Jenifer Brinson;feminino;dinheiro
2026-06-12 18:18:34.943883;1650;Fortaleza;Matheus Pereira;Smartphone Samsung Galaxy;Micheal Panto;masculino;dinheiro
2026-06-12 18:43:32.423095;1651;Fortaleza;Matheus Pereira;SmartTV OLED 4k TCL;Diane Mitchell;feminino;dinheiro
2026-06-13 12:35:36.200387;1652;São Paulo;Floriana Peixoto;Geladeira Eletrolux;Jennifer Batten;feminino;dinheiro
2026-06-13 14:27:35.282818;1653;Natal;João Pedro;Geladeira Eletrolux;Brian Winkler;masculino;cartão de crédito
2026-06-13 15:51:33.618475;1654;Natal;Clara Neves;PlayStation 5;Marhta Whiting;feminino;cartão de crédito
2026-06-13 17:12:35.384095;1655;Natal;Clara Neves;PlayStation 5;Calvin Shaw;masculino;dinheiro
2026-06-13 19:35:35.482319;1656;Fortaleza;Ana Oliveira;Geladeira Eletrolux;Jolene Adame;feminino;dinheiro
2026-06-13 19:42:32.716682;1657;Natal;Clara Neves;Smartphone Samsung Galaxy;Ruth Wilson;feminino;boleto
2026-06-13 20:34:33.576374;1658;São Paulo;Maurício Peçanha;Smartphone Samsung Galaxy;Eric Bridgham;masculino;pix
2026-06-14 10:02:35.877070;1659;Fortaleza;Matheus Pereira;Smartphone Samsung Galaxy;Casey Dipiano;feminino;dinheiro
2026-06-14 11:09:34.589173;1660;Salvador;Francisco José;SmartTV OLED 4k TCL;Marion Cornett;feminino;boleto
2026-06-14 16:59:35.014935;1661;Natal;Clara Neves;SmartTV OLED 4k TCL;Jane Miller;feminino;pix
2026-06-14 18:44:35.857232;1662;Natal;João Pedro;Geladeira Eletrolux;Natalie Crabtree;feminino;boleto
2026-06-15 10:40:34.357346;1663;São Paulo;Floriana Peixoto;SmartTV OLED 4k TCL;Alice Lacy;feminino;cartão de crédito
2026-06-15 11:50:36.253923;1664;Salvador;Carla Montenegro;SmartTV OLED 4k TCL;Ralph Gajate;masculino;dinheiro
2026-06-15 13:49:34.145300;1665;Salvador;Francisco José;PlayStation 5;Rhonda Webb;feminino;pix
2026-06-15 15:31:33.960782;1666;Recife;Carlos Silva;Geladeira Eletrolux;Margaret Davis;feminino;dinheiro
2026-06-15 17:37:35.053121;1667;Salvador;Carla Montenegro;SmartTV OLED 4k TCL;Adrian Davis;masculino;pix
2026-06-15 19:01:35.180488;1668;São Paulo;Floriana Peixoto;Geladeira Eletrolux;Thomas Paulino;masculino;pix
2026-06-16 09:43:35.395037;1669;Recife;Carlos Silva;PlayStation 5;Ruth Brown;feminino;dinheiro
2026-06-16 10:38:35.189095;1670;Salvador;Francisco José;PlayStation 5;Paul Scavotto;masculino;dinheiro
2026-06-16 12:11:35.433370;1671;Salvador;Carla Montenegro;PlayStation 5;Rhea Clark;feminino;dinheiro
2026-06-16 14:30:34.009044;1672;São Paulo;Floriana Peixoto;SmartTV OLED 4k TCL;Crystal Smith;feminino;boleto
2026-06-16 14:47:32.456024;1673;Salvador;Carla Montenegro;Smartwatch QCY;Vanessa Smith;feminino;boleto
2026-06-16 16:49:36.158318;1674;Fortaleza;Ana Oliveira;Smartphone Samsung Galaxy;Sylvia Brito;feminino;dinheiro
2026-06-16 17:03:32.174484;1675;Salvador;Carla Montenegro;PlayStation 5;Fernando Mcdonald;masculino;pix
2026-06-16 19:16:33.765310;1676;Salvador;Carla Montenegro;SmartTV OLED 4k TCL;Brandon Uhlman;masculino;boleto
2026-06-17 10:17:32.850587;1677;Fortaleza;Matheus Pereira;Geladeira Eletrolux;Tommy Oseguera;masculino;cartão de crédito
2026-06-17 12:04:35.719373;1678;Salvador;Francisco José;Smartwatch QCY;Summer Varner;feminino;pix
2026-06-17 12:29:33.088841;1679;Salvador;Francisco José;SmartTV OLED 4k TCL;Beverly Mccarty;feminino;boleto
2026-06-17 19:09:34.356760;1680;Natal;João Pedro;Smartphone Samsung Galaxy;Marvin Miller;masculino;pix
2026-06-17 20:13:32.769302;1681;Salvador;Carla Montenegro;Geladeira Eletrolux;Anthony Stuart;masculino;dinheiro
2026-06-17 20:38:35.718493;1682;Recife;Fernanda Costa;Smartwatch QCY;Krystal Russell;feminino;dinheiro
2026-06-18 10:15:35.817632;1683;Fortaleza;Matheus Pereira;Smartphone Samsung Galaxy;Miguel Collins;masculino;cartão de crédito
2026-06-18 11:56:32.320046;1684;Recife;Carlos Silva;SmartTV OLED 4k TCL;Frances Sapp;feminino;pix
2026-06-18 14:37:32.559822;1685;Natal;Clara Neves;SmartTV OLED 4k TCL;James Rooks;masculino;dinheiro
2026-06-18 15:18:34.581871;1686;Fortaleza;Ana Oliveira;SmartTV OLED 4k TCL;Dona Melton;feminino;pix
2026-06-18 16:14:32.193412;1687;Recife;Fernanda Costa;Smartphone Samsung Galaxy;Guy Mueller;masculino;dinheiro
2026-06-18 16:40:34.977051;1688;Recife;Fernanda Costa;PlayStation 5;James Salvador;masculino;boleto
2026-06-18 17:37:35.655218;1689;Fortaleza;Matheus Pereira;Geladeira Eletrolux;Peggy Moyer;feminino;pix
2026-06-18 18:32:35.936301;1690;Salvador;Carla Montenegro;SmartTV OLED 4k TCL;Georgia Delgiudice;feminino;cartão de crédito
2026-06-18 18:47:32.364702;1691;São Paulo;Maurício Peçanha;Smartphone Samsung Galaxy;Scott Powell;masculino;pix
2026-06-19 09:49:35.944384;1692;Recife;Fernanda Costa;Geladeira Eletrolux;Nancy Rayburn;feminino;pix
2026-06-19 09:55:32.999856;1693;Salvador;Carla Montenegro;Smartwatch QCY;Odell Ford;masculino;pix
2026-06-19 10:13:34.825591;1694;Fortaleza;Matheus Pereira;SmartTV OLED 4k TCL;Babette Roberts;feminino;cartão de crédito
2026-06-19 10:42:33.385202;1695;Fortaleza;Ana Oliveira;Smartwatch QCY;Bobbie Randall;feminino;dinheiro
2026-06-19 16:59:32.758364;1696;São Paulo;Maurício Peçanha;Smartwatch QCY;Johnny Wagner;masculino;boleto
2026-06-20 12:39:34.428797;1697;Salvador;Carla Montenegro;SmartTV OLED 4k TCL;Christopher Ashley;masculino;dinheiro
2026-06-20 12:49:34.689678;1698;Recife;Carlos Silva;Smartwatch QCY;William Lamb;masculino;pix
2026-06-20 14:10:33.971147;1699;Fortaleza;Ana Oliveira;SmartTV OLED 4k TCL;Albert Dawson;masculino;pix
2026-06-20 19:04:35.024057;1700;Natal;Clara Neves;PlayStation 5;James Lefort;masculino;pix
2026-06-20 19:24:35.744330;1701;Fortaleza;Ana Oliveira;Smartwatch QCY;Helen Dorsey;feminino;cartão de crédito
2026-06-21 16:39:34.297114;1702;Natal;Clara Neves;PlayStation 5;Dale Grayson;feminino;pix
2026-06-21 20:11:33.569736;1703;Fortaleza;Ana Oliveira;SmartTV OLED 4k TCL;Mary Ortiz;feminino;pix
2026-06-22 10:21:34.976493;1704;Natal;João Pedro;Smartphone Samsung Galaxy;Rosanna Harris;feminino;dinheiro
2026-06-22 11:19:35.684749;1705;Recife;Fernanda Costa;Smartwatch QCY;Thomas Manchini;masculino;boleto
2026-06-22 13:28:33.234976;1706;São Paulo;Maurício Peçanha;Smartwatch QCY;Kimberley Bishop;feminino;boleto
2026-06-22 18:33:32.988295;1707;Recife;Fernanda Costa;Geladeira Eletrolux;Robert Costa;masculino;dinheiro
2026-06-22 19:40:34.921796;1708;São Paulo;Maurício Peçanha;Smartphone Samsung Galaxy;William Street;masculino;pix
2026-06-23 12:06:35.469370;1709;Recife;Fernanda Costa;PlayStation 5;David Stokes;masculino;dinheiro
2026-06-23 14:00:36.288536;1710;Natal;Clara Neves;Geladeira Eletrolux;Dwayne Smith;masculino;dinheiro
2026-06-23 18:13:34.448518;1711;São Paulo;Maurício Peçanha;Geladeira Eletrolux;Joshua Montgomery;masculino;pix
2026-06-23 18:18:32.451830;1712;Fortaleza;Ana Oliveira;Smartphone Samsung Galaxy;Kenneth Grado;masculino;boleto
2026-06-23 20:09:34.992750;1713;Fortaleza;Matheus Pereira;PlayStation 5;Susan Cribb;feminino;pix
2026-06-24 13:12:32.878103;1714;São Paulo;Floriana Peixoto;PlayStation 5;Mary Addison;feminino;pix
2026-06-24 13:31:32.426481;1715;São Paulo;Floriana Peixoto;SmartTV OLED 4k TCL;Roni Williams;feminino;dinheiro
2026-06-24 14:48:36.101761;1716;Salvador;Carla Montenegro;SmartTV OLED 4k TCL;Paul Richard;masculino;dinheiro
2026-06-25 11:01:36.536216;1717;Recife;Carlos Silva;SmartTV OLED 4k TCL;Danielle Magee;feminino;cartão de crédito
2026-06-25 12:13:32.544160;1718;Recife;Carlos Silva;PlayStation 5;William Pardo;masculino;cartão de crédito
2026-06-25 18:33:32.267835;1719;Fortaleza;Ana Oliveira;Geladeira Eletrolux;Douglas Devita;masculino;dinheiro
2026-06-25 18:50:35.802517;1720;São Paulo;Maurício Peçanha;Smartwatch QCY;Stephanie Tenorio;feminino;pix
2026-06-25 19:26:33.589986;1721;Fortaleza;Ana Oliveira;Smartphone Samsung Galaxy;Rose Miles;feminino;dinheiro
2026-06-26 09:58:33.129308;1722;Salvador;Carla Montenegro;SmartTV OLED 4k TCL;Elizabeth Walker;feminino;boleto
2026-06-26 12:27:36.211022;1723;Natal;João Pedro;Smartphone Samsung Galaxy;Frank Garcia;masculino;dinheiro
2026-06-26 12:46:35.330380;1724;Fortaleza;Matheus Pereira;SmartTV OLED 4k TCL;Betty Soderquist;feminino;cartão de crédito
2026-06-26 12:49:33.870398;1725;Recife;Fernanda Costa;SmartTV OLED 4k TCL;Gaylord Seay;masculino;pix
2026-06-26 14:04:33.827152;1726;Recife;Carlos Silva;SmartTV OLED 4k TCL;Kimberly Wright;feminino;dinheiro
2026-06-26 14:59:33.358074;1727;Recife;Carlos Silva;Geladeira Eletrolux;Rachel Oliver;feminino;dinheiro
2026-06-26 18:14:34.531838;1728;São Paulo;Floriana Peixoto;Geladeira Eletrolux;Maureen Griswold;feminino;pix
2026-06-26 19:33:32.527519;1729;Recife;Carlos Silva;Smartwatch QCY;Irene Wagoner;feminino;boleto
2026-06-27 13:18:32.276901;1730;Fortaleza;Matheus Pereira;Smartwatch QCY;Margaret Hively;feminino;boleto
2026-06-27 13:22:35.904547;1731;Salvador;Carla Montenegro;PlayStation 5;Jill Hollingsworth;feminino;pix
2026-06-27 18:58:33.797670;1732;Fortaleza;Ana Oliveira;Smartphone Samsung Galaxy;Joseph Brown;masculino;boleto
2026-06-28 09:53:34.746824;1733;Recife;Carlos Silva;Smartphone Samsung Galaxy;Shawn Petty;feminino;boleto
2026-06-28 11:00:33.364397;1734;Salvador;Francisco José;SmartTV OLED 4k TCL;Robert Pettis;masculino;boleto
2026-06-28 12:21:36.536621;1735;Fortaleza;Matheus Pereira;Smartphone Samsung Galaxy;Raymond Davis;masculino;boleto
2026-06-28 16:39:35.676313;1736;Salvador;Carla Montenegro;Smartwatch QCY;Jeffrey Ballance;masculino;dinheiro
2026-06-28 17:30:32.256091;1737;Salvador;Carla Montenegro;Smartwatch QCY;Nicole Honeywell;feminino;pix
2026-06-28 18:23:34.360809;1738;Salvador;Francisco José;PlayStation 5;Gwendolyn Spaulding;feminino;dinheiro
2026-06-28 19:48:34.019717;1739;São Paulo;Maurício Peçanha;Smartphone Samsung Galaxy;Robert Thielman;masculino;pix
2026-06-29 10:01:32.545682;1740;Natal;Clara Neves;SmartTV OLED 4k TCL;Hazel Porter;feminino;dinheiro
2026-06-29 12:30:34.832067;1741;São Paulo;Floriana Peixoto;SmartTV OLED 4k TCL;Wade Benson;masculino;pix
2026-06-29 13:43:33.723129;1742;Natal;João Pedro;Smartwatch QCY;June Ramos;feminino;cartão de crédito
2026-06-29 14:05:36.557073;1743;Fortaleza;Ana Oliveira;Geladeira Eletrolux;David Spivey;masculino;pix
2026-06-29 14:18:35.324903;1744;Natal;Clara Neves;Geladeira Eletrolux;Jennifer Jacobs;feminino;cartão de crédito
2026-06-29 15:27:35.642321;1745;Fortaleza;Matheus Pereira;SmartTV OLED 4k TCL;Lamont Siegal;masculino;dinheiro
2026-06-29 17:29:35.483571;1746;Fortaleza;Matheus Pereira;SmartTV OLED 4k TCL;Gail White;feminino;pix
2026-06-29 18:11:35.774046;1747;São Paulo;Floriana Peixoto;Smartwatch QCY;Susan Marcum;feminino;boleto
2026-06-29 20:27:32.335734;1748;São Paulo;Floriana Peixoto;Geladeira Eletrolux;Annetta Walsh;feminino;pix
2026-06-30 13:17:36.111491;1749;Salvador;Francisco José;SmartTV OLED 4k TCL;Peggy Clarno;feminino;boleto
2026-06-30 14:53:35.272573;1750;São Paulo;Floriana Peixoto;SmartTV OLED 4k TCL;Elmer Jones;masculino;pix
2026-06-30 15:28:32.241771;1751;Recife;Fernanda Costa;Smartwatch QCY;Mark Leffler;masculino;boleto
2026-06-30 15:58:32.976009;1752;Fortaleza;Matheus Pereira;Smartphone Samsung Galaxy;Laura Beaudreault;feminino;dinheiro
2026-06-30 19:30:36.273278;1753;Recife;Carlos Silva;PlayStation 5;Carmen Earley;feminino;cartão de crédito
2026-06-30 19:38:36.154912;1754;Natal;João Pedro;PlayStation 5;Charles Smith;masculino;pix
2026-06-30 20:31:35.491959;1755;Natal;João Pedro;Smartphone Samsung Galaxy;Debra Barker;feminino;pix
2026-07-01 13:03:33.443430;1756;Natal;João Pedro;Smartwatch QCY;Anne Garland;feminino;boleto
2026-07-01 13:58:34.038607;1757;Natal;João Pedro;Smartwatch QCY;Joseph Mulder;masculino;cartão de crédito
2026-07-01 14:48:32.482768;1758;Natal;Clara Neves;Smartphone Samsung Galaxy;Marsha Hofheimer;feminino;pix
2026-07-02 12:41:36.395413;1759;Fortaleza;Matheus Pereira;Smartphone Samsung Galaxy;Dorothy Wood;feminino;pix
2026-07-02 13:26:33.825864;1760;Salvador;Carla Montenegro;Smartphone Samsung Galaxy;Minnie Whitten;feminino;pix
2026-07-03 09:57:35.891738;1761;Fortaleza;Ana Oliveira;Geladeira Eletrolux;Nancy Pratt;feminino;pix
2026-07-03 10:17:34.176585;1762;São Paulo;Maurício Peçanha;Smartphone Samsung Galaxy;Mary Macfarlane;feminino;dinheiro
2026-07-03 10:46:35.737465;1763;Salvador;Francisco José;PlayStation 5;Joshua Sur;masculino;pix
2026-07-03 11:40:35.718685;1764;Recife;Carlos Silva;Geladeira Eletrolux;Michael Combs;masculino;pix
2026-07-03 12:20:32.997236;1765;Recife;Carlos Silva;PlayStation 5;Katie Watson;feminino;cartão de crédito
2026-07-03 14:31:35.570979;1766;Salvador;Francisco José;Smartphone Samsung Galaxy;Christina Vassallo;feminino;pix
2026-07-03 14:46:36.087185;1767;Natal;Clara Neves;Geladeira Eletrolux;Margaret Flores;feminino;boleto
2026-07-03 14:48:34.238882;1768;Natal;João Pedro;Smartwatch QCY;David Evans;masculino;boleto
2026-07-03 15:38:33.256950;1769;São Paulo;Floriana Peixoto;SmartTV OLED 4k TCL;Kathy Anderson;feminino;pix
2026-07-03 16:46:32.658256;1770;Fortaleza;Ana Oliveira;SmartTV OLED 4k TCL;Jack Coleman;masculino;dinheiro
2026-07-03 16:58:33.709208;1771;São Paulo;Floriana Peixoto;Smartwatch QCY;Chuck Hill;masculino;dinheiro
2026-07-04 19:06:36.388849;1772;Recife;Fernanda Costa;Geladeira Eletrolux;Joseph Jelks;masculino;cartão de crédito
2026-07-05 14:01:34.181245;1773;Salvador;Carla Montenegro;PlayStation 5;Harlan Moore;masculino;dinheiro
2026-07-05 14:21:35.371164;1774;Salvador;Carla Montenegro;Smartphone Samsung Galaxy;Lisa Hamilton;feminino;cartão de crédito
2026-07-05 15:31:35.013620;1775;Fortaleza;Matheus Pereira;Geladeira Eletrolux;David Golden;masculino;boleto
2026-07-05 16:31:34.192693;1776;Natal;João Pedro;Smartwatch QCY;Mary Carroll;feminino;boleto
2026-07-06 13:19:34.629957;1777;Recife;Carlos Silva;SmartTV OLED 4k TCL;Rosemarie House;feminino;pix
2026-07-06 13:46:36.006891;1778;Fortaleza;Ana Oliveira;SmartTV OLED 4k TCL;Wendy Allen;feminino;cartão de crédito
2026-07-06 14:06:34.319419;1779;Recife;Fernanda Costa;SmartTV OLED 4k TCL;Michael Peterson;masculino;cartão de crédito
2026-07-06 15:10:35.065979;1780;Fortaleza;Ana Oliveira;Smartwatch QCY;Steven Maier;masculino;cartão de crédito
2026-07-06 17:08:36.056546;1781;Recife;Carlos Silva;Smartwatch QCY;Kathleen Looper;feminino;dinheiro
2026-07-06 18:03:32.255384;1782;São Paulo;Floriana Peixoto;PlayStation 5;Corey Stevens;masculino;dinheiro
2026-07-06 19:17:35.434286;1783;São Paulo;Floriana Peixoto;Smartphone Samsung Galaxy;Rachel Rumberger;feminino;cartão de crédito
2026-07-07 10:08:35.849438;1784;São Paulo;Floriana Peixoto;PlayStation 5;Lee Giampietro;feminino;dinheiro
2026-07-07 12:12:33.432395;1785;Fortaleza;Matheus Pereira;Smartphone Samsung Galaxy;Peggy Burnett;feminino;pix
2026-07-07 13:43:35.579209;1786;São Paulo;Floriana Peixoto;Geladeira Eletrolux;Brian Bozeman;masculino;boleto
2026-07-07 18:10:34.505284;1787;Natal;João Pedro;Smartwatch QCY;Helen Mcdaniel;feminino;cartão de crédito
2026-07-08 11:10:33.496722;1788;Recife;Fernanda Costa;Smartwatch QCY;Lisa Ranney;feminino;dinheiro
2026-07-08 13:32:36.376059;1789;Salvador;Francisco José;PlayStation 5;Robert Leverette;masculino;pix
2026-07-08 15:34:33.253515;1790;Salvador;Francisco José;SmartTV OLED 4k TCL;Viola Dorris;feminino;cartão de crédito
2026-07-08 16:43:34.535386;1791;Fortaleza;Ana Oliveira;SmartTV OLED 4k TCL;Steven Stewart;masculino;boleto
2026-07-08 16:58:32.716302;1792;Natal;João Pedro;PlayStation 5;Mary Baker;feminino;dinheiro
2026-07-08 17:06:35.248967;1793;São Paulo;Maurício Peçanha;Smartphone Samsung Galaxy;Christopher Cox;masculino;pix
2026-07-09 10:00:35.310061;1794;Fortaleza;Ana Oliveira;Smartphone Samsung Galaxy;Chris Marshall;masculino;cartão de crédito
2026-07-09 11:30:32.309493;1795;Fortaleza;Matheus Pereira;Smartwatch QCY;Brian Gooden;masculino;cartão de crédito
2026-07-09 12:14:32.546238;1796;Recife;Carlos Silva;SmartTV OLED 4k TCL;Barbara Brandwein;feminino;dinheiro
2026-07-09 13:15:33.128985;1797;Recife;Carlos Silva;Smartwatch QCY;Brenda Johnson;feminino;dinheiro
2026-07-09 15:23:35.053245;1798;Recife;Carlos Silva;Smartphone Samsung Galaxy;Elizabeth Sanchez;feminino;dinheiro
2026-07-09 17:23:32.918404;1799;Recife;Fernanda Costa;Geladeira Eletrolux;Robert Brislin;masculino;dinheiro
2026-07-09 17:49:36.210699;1800;São Paulo;Maurício Peçanha;Geladeira Eletrolux;Bobbie Gardner;feminino;cartão de crédito
2026-07-10 14:48:35.089844;1801;São Paulo;Maurício Peçanha;SmartTV OLED 4k TCL;Mildred Kramer;feminino;boleto
2026-07-10 15:24:34.046314;1802;São Paulo;Maurício Peçanha;Smartwatch QCY;Roberto Rutherford;masculino;dinheiro
2026-07-10 17:54:35.711393;1803;Salvador;Francisco José;SmartTV OLED 4k TCL;Pedro Gray;masculino;boleto
2026-07-10 19:22:34.014021;1804;São Paulo;Maurício Peçanha;PlayStation 5;Karen Rodgers;feminino;pix
2026-07-10 20:05:33.275548;1805;São Paulo;Floriana Peixoto;PlayStation 5;Cheree Coons;feminino;cartão de crédito
2026-07-11 12:27:34.126901;1806;Recife;Carlos Silva;PlayStation 5;Paul Sanchez;masculino;pix
2026-07-11 14:05:36.359107;1807;Natal;Clara Neves;PlayStation 5;Kevin Eger;masculino;dinheiro
2026-07-11 16:32:33.317962;1808;Salvador;Francisco José;Geladeira Eletrolux;Joyce Jones;feminino;cartão de crédito
2026-07-11 16:57:32.830502;1809;Recife;Carlos Silva;PlayStation 5;Bo Mcanulty;masculino;boleto
2026-07-11 20:11:35.795106;1810;Natal;João Pedro;Geladeira Eletrolux;Gloria Montgomery;feminino;cartão de crédito
2026-07-12 16:15:34.126988;1811;Fortaleza;Matheus Pereira;Geladeira Eletrolux;Michael Beavers;masculino;pix
2026-07-12 18:10:36.132228;1812;Salvador;Carla Montenegro;Smartwatch QCY;Dustin Degroot;masculino;dinheiro
2026-07-13 09:59:32.363996;1813;Natal;Clara Neves;Geladeira Eletrolux;Richard Cummings;masculino;boleto
2026-07-13 11:49:34.606465;1814;Natal;Clara Neves;Smartphone Samsung Galaxy;Evelyn Wolff;feminino;boleto
2026-07-13 12:18:36.144387;1815;Fortaleza;Ana Oliveira;Smartwatch QCY;Donna Kirby;feminino;boleto
2026-07-13 15:05:33.709630;1816;Salvador;Francisco José;Smartwatch QCY;Michael Graham;masculino;pix
2026-07-13 18:20:35.820525;1817;São Paulo;Floriana Peixoto;Geladeira Eletrolux;Sandra Gentsy;feminino;cartão de crédito
2026-07-13 18:31:35.675546;1818;Recife;Carlos Silva;Geladeira Eletrolux;Michael White;masculino;boleto
2026-07-13 18:44:32.210314;1819;Recife;Fernanda Costa;SmartTV OLED 4k TCL;George Guerra;masculino;boleto
2026-07-14 15:27:35.305964;1820;Recife;Fernanda Costa;Geladeira Eletrolux;Bradford Pierce;masculino;pix
2026-07-14 18:08:33.277894;1821;Salvador;Carla Montenegro;SmartTV OLED 4k TCL;David Woods;masculino;pix
2026-07-15 11:39:35.857941;1822;Salvador;Francisco José;Geladeira Eletrolux;Nancy Villeneuve;feminino;cartão de crédito
2026-07-15 15:02:32.304788;1823;Fortaleza;Matheus Pereira;PlayStation 5;Megan Pineiro;feminino;dinheiro
2026-07-15 15:25:32.783803;1824;São Paulo;Floriana Peixoto;Geladeira Eletrolux;Annie Fincham;feminino;pix
2026-07-15 17:28:34.128338;1825;São Paulo;Maurício Peçanha;PlayStation 5;Audrey Provencher;feminino;cartão de crédito
2026-07-15 18:19:35.335474;1826;Salvador;Carla Montenegro;Smartwatch QCY;Elaine Mull;feminino;pix
2026-07-15 18:45:35.551665;1827;Salvador;Francisco José;PlayStation 5;Grace Taylor;feminino;cartão de crédito
2026-07-16 13:51:34.983057;1828;Recife;Fernanda Costa;Smartphone Samsung Galaxy;John Rodriguez;masculino;dinheiro
2026-07-16 18:59:34.582255;1829;Recife;Fernanda Costa;Smartphone Samsung Galaxy;Barbara Herring;feminino;dinheiro
2026-07-16 20:13:32.239137;1830;Natal;João Pedro;Smartphone Samsung Galaxy;Brenton Morabito;masculino;pix
2026-07-17 10:32:36.209474;1831;Salvador;Francisco José;Smartwatch QCY;Christine Wilson;feminino;dinheiro
2026-07-17 10:58:33.496045;1832;São Paulo;Maurício Peçanha;Smartwatch QCY;Robert Vasquez;masculino;cartão de crédito
2026-07-17 13:14:33.350812;1833;Recife;Carlos Silva;Smartphone Samsung Galaxy;Christopher Evans;masculino;cartão de crédito
2026-07-17 14:34:35.493103;1834;Salvador;Carla Montenegro;PlayStation 5;Deidre Bell;feminino;dinheiro
2026-07-17 19:44:36.367754;1835;Recife;Fernanda Costa;PlayStation 5;Charles Dalal;masculino;cartão de crédito
2026-07-18 10:43:36.085865;1836;Recife;Fernanda Costa;PlayStation 5;Jane Skinner;feminino;dinheiro
2026-07-18 11:31:33.913584;1837;Fortaleza;Matheus Pereira;Smartwatch QCY;Paul Daniels;masculino;dinheiro
2026-07-18 16:34:36.451519;1838;Recife;Carlos Silva;Smartwatch QCY;Maria Hickernell;feminino;boleto
2026-07-18 17:56:35.782677;1839;Salvador;Francisco José;SmartTV OLED 4k TCL;Carl Lopez;masculino;pix
2026-07-18 19:25:34.866313;1840;Salvador;Francisco José;Smartphone Samsung Galaxy;Larry Hofstetter;masculino;pix
2026-07-18 19:30:34.426802;1841;Natal;João Pedro;Smartphone Samsung Galaxy;Jason Douglas;masculino;pix
2026-07-18 20:11:35.228299;1842;Salvador;Francisco José;Smartphone Samsung Galaxy;Gloria Bale;feminino;pix
2026-07-19 10:41:32.210567;1843;São Paulo;Floriana Peixoto;Smartwatch QCY;James Jacks;masculino;cartão de crédito
2026-07-19 12:21:35.023064;1844;Salvador;Carla Montenegro;Geladeira Eletrolux;Philip Young;masculino;boleto
2026-07-19 13:01:36.225204;1845;Natal;Clara Neves;PlayStation 5;Jonathan Howland;masculino;boleto
2026-07-19 14:05:34.973734;1846;Recife;Carlos Silva;Geladeira Eletrolux;Johnny Toney;masculino;pix
2026-07-19 14:14:33.535205;1847;São Paulo;Floriana Peixoto;PlayStation 5;Alpha Mendoza;feminino;dinheiro
2026-07-19 14:36:33.298721;1848;Fortaleza;Matheus Pereira;Smartphone Samsung Galaxy;Barbara Montanez;feminino;boleto
2026-07-19 20:18:35.719004;1849;Fortaleza;Ana Oliveira;PlayStation 5;Janet Dickinson;feminino;pix
2026-07-20 09:43:33.798127;1850;Salvador;Francisco José;PlayStation 5;Virginia Ecton;feminino;boleto
2026-07-20 12:51:32.471953;1851;Fortaleza;Ana Oliveira;PlayStation 5;Christine Creamer;feminino;cartão de crédito
2026-07-20 13:06:34.589023;1852;São Paulo;Floriana Peixoto;Geladeira Eletrolux;Nicole Neal;feminino;cartão de crédito
2026-07-20 15:25:33.914840;1853;São Paulo;Floriana Peixoto;Geladeira Eletrolux;Susan Patel;feminino;cartão de crédito
2026-07-20 15:47:36.413103;1854;Fortaleza;Matheus Pereira;PlayStation 5;Kenneth Armendariz;masculino;dinheiro
2026-07-20 17:09:36.296622;1855;Natal;Clara Neves;Smartwatch QCY;Jo Ferguson;feminino;cartão de crédito
2026-07-20 17:16:32.752620;1856;São Paulo;Floriana Peixoto;PlayStation 5;Anita Holden;feminino;boleto
2026-07-20 18:05:32.369290;1857;Recife;Fernanda Costa;SmartTV OLED 4k TCL;Alvin Jackson;masculino;cartão de crédito
2026-07-21 10:31:33.090919;1858;Recife;Fernanda Costa;SmartTV OLED 4k TCL;Eric Carbone;masculino;pix
2026-07-21 13:47:34.541340;1859;Fortaleza;Matheus Pereira;Smartphone Samsung Galaxy;Jennifer Patterson;feminino;cartão de crédito
2026-07-21 15:45:35.149397;1860;Fortaleza;Ana Oliveira;Smartphone Samsung Galaxy;Tiffany King;feminino;dinheiro
2026-07-21 16:16:35.018098;1861;Natal;Clara Neves;PlayStation 5;Kevin Uresti;masculino;pix
2026-07-22 11:25:33.936946;1862;Fortaleza;Ana Oliveira;Smartphone Samsung Galaxy;Robert Fletcher;masculino;boleto
2026-07-22 12:30:34.116004;1863;Fortaleza;Matheus Pereira;Smartwatch QCY;Kenneth Girard;masculino;dinheiro
2026-07-22 15:43:35.480808;1864;Fortaleza;Matheus Pereira;Smartphone Samsung Galaxy;Dianna Schmitt;feminino;boleto
2026-07-22 19:17:36.511153;1865;Fortaleza;Ana Oliveira;Smartphone Samsung Galaxy;James Mackay;masculino;boleto
2026-07-23 09:44:32.527426;1866;Salvador;Francisco José;Smartwatch QCY;John Torres;masculino;pix
2026-07-23 09:47:36.504344;1867;Salvador;Carla Montenegro;Geladeira Eletrolux;Dianne Bain;feminino;dinheiro
2026-07-23 12:04:32.688316;1868;Natal;Clara Neves;Geladeira Eletrolux;Veronica Williamson;feminino;pix
2026-07-23 15:24:32.424365;1869;Salvador;Francisco José;SmartTV OLED 4k TCL;Jeffrey Blaisdell;masculino;dinheiro
2026-07-23 15:30:34.869822;1870;Salvador;Francisco José;Smartphone Samsung Galaxy;Heidi Lee;feminino;pix
2026-07-23 16:26:33.709053;1871;Recife;Fernanda Costa;SmartTV OLED 4k TCL;Tamara Miller;feminino;boleto
2026-07-23 18:48:35.324578;1872;São Paulo;Floriana Peixoto;Geladeira Eletrolux;Traci Glenn;feminino;cartão de crédito
2026-07-23 18:59:34.250295;1873;São Paulo;Floriana Peixoto;Smartwatch QCY;James Wall;masculino;dinheiro
2026-07-24 10:23:34.942043;1874;Fortaleza;Matheus Pereira;Geladeira Eletrolux;James Miles;masculino;pix
2026-07-24 11:18:32.288256;1875;São Paulo;Maurício Peçanha;Geladeira Eletrolux;Pamela Desmond;feminino;boleto
2026-07-24 13:47:32.880044;1876;Salvador;Carla Montenegro;Smartwatch QCY;Mildred Dejardin;feminino;pix
2026-07-24 15:29:35.384818;1877;São Paulo;Floriana Peixoto;Smartphone Samsung Galaxy;Jose Benchoff;masculino;pix
2026-07-24 20:02:34.428600;1878;Fortaleza;Ana Oliveira;Geladeira Eletrolux;Karen Underwood;feminino;boleto
2026-07-24 20:43:34.722466;1879;Recife;Fernanda Costa;PlayStation 5;James Folkerts;masculino;dinheiro
2026-07-25 13:13:33.668979;1880;Recife;Fernanda Costa;Geladeira Eletrolux;Jack Gullatte;masculino;pix
2026-07-25 13:32:34.987881;1881;Fortaleza;Ana Oliveira;Geladeira Eletrolux;Donald Manley;masculino;pix
2026-07-25 17:35:35.268025;1882;São Paulo;Floriana Peixoto;Smartphone Samsung Galaxy;Marguerite Mcquillen;feminino;pix
2026-07-25 19:07:33.676865;1883;Natal;João Pedro;Geladeira Eletrolux;Samuel Skinner;masculino;boleto
2026-07-26 14:52:34.272602;1884;São Paulo;Maurício Peçanha;SmartTV OLED 4k TCL;John Mclean;masculino;boleto
2026-07-26 15:37:32.723090;1885;São Paulo;Maurício Peçanha;Geladeira Eletrolux;Terry Carrillo;feminino;boleto
2026-07-26 19:58:33.989593;1886;Recife;Fernanda Costa;SmartTV OLED 4k TCL;Alfredo Romanik;masculino;boleto
2026-07-27 10:56:35.628687;1887;Fortaleza;Ana Oliveira;Smartphone Samsung Galaxy;Olive Farnsworth;feminino;cartão de crédito
2026-07-27 14:11:34.547168;1888;Natal;João Pedro;PlayStation 5;Anthony Pinero;masculino;boleto
2026-07-27 15:00:34.531237;1889;Salvador;Carla Montenegro;PlayStation 5;Brittany Velazquez;feminino;boleto
2026-07-27 16:46:36.083877;1890;Natal;João Pedro;Geladeira Eletrolux;Dana Thomas;feminino;boleto
2026-07-27 16:47:35.177144;1891;Fortaleza;Ana Oliveira;SmartTV OLED 4k TCL;Deanna Yale;feminino;cartão de crédito
2026-07-27 17:14:33.843454;1892;Fortaleza;Ana Oliveira;Smartwatch QCY;Elizabeth Israels;feminino;cartão de crédito
2026-07-27 17:49:35.413713;1893;Salvador;Francisco José;Geladeira Eletrolux;Jessica Jones;feminino;pix
2026-07-27 20:03:35.202503;1894;Natal;João Pedro;Smartwatch QCY;Anita Inabinet;feminino;cartão de crédito
2026-07-28 09:52:34.209019;1895;Fortaleza;Ana Oliveira;PlayStation 5;Augustine Kilbane;masculino;boleto
2026-07-28 11:24:32.393364;1896;São Paulo;Floriana Peixoto;PlayStation 5;Albert Medill;masculino;cartão de crédito
2026-07-28 12:43:34.080160;1897;Salvador;Francisco José;SmartTV OLED 4k TCL;Betty Davis;feminino;boleto
2026-07-28 16:41:33.332296;1898;Natal;Clara Neves;SmartTV OLED 4k TCL;Donna Severn;feminino;pix
2026-07-28 17:50:34.764279;1899;Salvador;Carla Montenegro;SmartTV OLED 4k TCL;Brian Conrow;masculino;boleto
2026-07-28 18:16:32.906347;1900;Salvador;Francisco José;SmartTV OLED 4k TCL;Mattie Walker;feminino;pix
2026-07-29 12:14:35.406799;1901;Recife;Fernanda Costa;Smartwatch QCY;Charles Cox;masculino;dinheiro
2026-07-29 15:59:33.005192;1902;Natal;João Pedro;Geladeira Eletrolux;James Robinson;masculino;dinheiro
2026-07-29 16:14:35.888221;1903;Natal;João Pedro;PlayStation 5;Ronald Moreno;masculino;dinheiro
2026-07-29 16:30:32.723413;1904;Salvador;Carla Montenegro;PlayStation 5;Larry Williams;masculino;pix
2026-07-30 09:50:35.945674;1905;Natal;João Pedro;Smartphone Samsung Galaxy;Debra Jones;feminino;dinheiro
2026-07-31 10:54:35.174508;1906;Salvador;Francisco José;Smartphone Samsung Galaxy;Margaret Field;feminino;dinheiro
2026-07-31 11:34:35.465992;1907;Fortaleza;Matheus Pereira;Smartwatch QCY;Maria Frazier;feminino;pix
2026-07-31 14:22:33.277756;1908;Natal;Clara Neves;Smartphone Samsung Galaxy;Lois Richards;feminino;dinheiro
2026-08-01 11:56:32.746957;1909;Recife;Fernanda Costa;Smartphone Samsung Galaxy;Monica Hill;feminino;boleto
2026-08-01 13:23:33.259042;1910;Fortaleza;Ana Oliveira;SmartTV OLED 4k TCL;Alida Cambria;feminino;cartão de crédito
2026-08-01 18:49:35.478336;1911;São Paulo;Floriana Peixoto;Geladeira Eletrolux;John Richardson;masculino;dinheiro
2026-08-02 12:32:33.720831;1912;Natal;Clara Neves;Smartwatch QCY;Jeanna Villarreal;feminino;pix
2026-08-02 14:12:33.400812;1913;Recife;Fernanda Costa;Geladeira Eletrolux;Dorothy Fiene;feminino;dinheiro
2026-08-02 20:32:33.506575;1914;Fortaleza;Ana Oliveira;Geladeira Eletrolux;Malcolm Seay;masculino;boleto
2026-08-03 11:42:36.157725;1915;São Paulo;Maurício Peçanha;PlayStation 5;Rafael Casey;masculino;pix
2026-08-03 13:01:34.063224;1916;Fortaleza;Ana Oliveira;Smartphone Samsung Galaxy;Richard Hernandez;masculino;cartão de crédito
2026-08-04 11:43:36.244214;1917;Salvador;Francisco José;Smartphone Samsung Galaxy;Kelly Flannagan;masculino;pix
2026-08-04 12:18:34.541570;1918;Fortaleza;Ana Oliveira;SmartTV OLED 4k TCL;Kristen Woodmansee;feminino;cartão de crédito
2026-08-04 12:35:35.841421;1919;Salvador;Francisco José;SmartTV OLED 4k TCL;Ethel Zeller;feminino;dinheiro
2026-08-04 13:03:32.617172;1920;Natal;João Pedro;Smartwatch QCY;Tracey Greenberg;feminino;dinheiro
2026-08-04 14:18:32.338201;1921;Salvador;Carla Montenegro;Geladeira Eletrolux;Alfred Begor;masculino;cartão de crédito
2026-08-04 16:46:35.905156;1922;Recife;Carlos Silva;PlayStation 5;Thomas Quick;masculino;boleto
2026-08-04 17:06:32.566770;1923;Recife;Carlos Silva;Geladeira Eletrolux;Ronald Burnley;masculino;dinheiro
2026-08-05 14:15:33.432614;1924;Recife;Carlos Silva;Smartphone Samsung Galaxy;Michael Wright;masculino;boleto
2026-08-05 14:50:33.555269;1925;São Paulo;Maurício Peçanha;Smartwatch QCY;Kristy Luebke;feminino;pix
2026-08-05 15:30:34.476720;1926;Natal;Clara Neves;Smartwatch QCY;Effie Stoica;feminino;pix
2026-08-05 18:52:32.198980;1927;Natal;Clara Neves;PlayStation 5;Jeremiah Plotkin;masculino;cartão de crédito
2026-08-05 19:49:35.371263;1928;Recife;Fernanda Costa;Smartwatch QCY;Randy Carrozza;masculino;boleto
2026-08-06 10:51:35.048366;1929;Salvador;Carla Montenegro;Smartwatch QCY;Mary Wormley;feminino;pix
2026-08-06 11:08:32.134281;1930;Fortaleza;Ana Oliveira;Smartphone Samsung Galaxy;Michael Peters;masculino;pix
2026-08-06 12:38:35.860453;1931;Natal;Clara Neves;Smartphone Samsung Galaxy;Peggy Mattox;feminino;pix
2026-08-06 12:50:35.683790;1932;Recife;Carlos Silva;Smartphone Samsung Galaxy;Darla Miller;feminino;boleto
2026-08-06 14:48:36.202972;1933;Natal;João Pedro;Smartphone Samsung Galaxy;Tony Hauff;masculino;cartão de crédito
2026-08-06 20:20:34.334185;1934;Fortaleza;Matheus Pereira;PlayStation 5;Edward Quarles;masculino;dinheiro
2026-08-07 11:19:35.220840;1935;Fortaleza;Ana Oliveira;Smartwatch QCY;Colin Keegan;masculino;cartão de crédito
2026-08-07 11:51:33.385668;1936;São Paulo;Floriana Peixoto;Smartphone Samsung Galaxy;Wilfred Elerson;masculino;boleto
2026-08-07 15:52:34.718046;1937;Natal;João Pedro;PlayStation 5;Ronald Ladwig;masculino;boleto
2026-08-07 16:04:34.052372;1938;São Paulo;Maurício Peçanha;Smartphone Samsung Galaxy;Tommy Basista;masculino;boleto
2026-08-07 19:13:32.362751;1939;Recife;Fernanda Costa;Smartwatch QCY;Alexander Barrera;masculino;pix
2026-08-07 19:30:34.922781;1940;Natal;João Pedro;PlayStation 5;Keith Frizzle;masculino;pix
2026-08-08 11:41:33.350548;1941;São Paulo;Floriana Peixoto;SmartTV OLED 4k TCL;Shannon Duncan;feminino;dinheiro
2026-08-08 12:24:33.050065;1942;Natal;João Pedro;Geladeira Eletrolux;Larry Scates;masculino;cartão de crédito
2026-08-08 14:57:36.367373;1943;São Paulo;Maurício Peçanha;PlayStation 5;Ryan Powell;masculino;cartão de crédito
2026-08-08 20:10:34.978749;1944;Fortaleza;Matheus Pereira;Smartwatch QCY;Meagan Seth;feminino;pix
2026-08-08 20:21:32.368571;1945;Recife;Carlos Silva;SmartTV OLED 4k TCL;Stephen Lawrence;masculino;dinheiro
2026-08-09 12:29:34.064060;1946;Recife;Fernanda Costa;Geladeira Eletrolux;Jean Puma;feminino;cartão de crédito
2026-08-09 19:38:35.494486;1947;Natal;João Pedro;Geladeira Eletrolux;Erica Raiola;feminino;boleto
2026-08-10 12:08:32.900676;1948;Natal;Clara Neves;Smartphone Samsung Galaxy;Dale Faw;masculino;dinheiro
2026-08-10 12:44:34.533129;1949;Fortaleza;Matheus Pereira;Smartphone Samsung Galaxy;Joseph Terry;masculino;pix
2026-08-10 15:34:33.679704;1950;Recife;Fernanda Costa;SmartTV OLED 4k TCL;Monica Collins;feminino;dinheiro
2026-08-10 17:19:36.474332;1951;Recife;Carlos Silva;PlayStation 5;Mary Davis;feminino;pix
2026-08-10 17:26:32.769838;1952;Salvador;Francisco José;Smartwatch QCY;Norman Hector;masculino;boleto
2026-08-10 18:58:33.236317;1953;Natal;Clara Neves;Geladeira Eletrolux;Margaret Kohnen;feminino;boleto
2026-08-10 20:03:34.577626;1954;Fortaleza;Ana Oliveira;PlayStation 5;Chris Thornton;masculino;dinheiro
2026-08-11 14:07:32.557584;1955;Salvador;Francisco José;Geladeira Eletrolux;Steven English;masculino;dinheiro
2026-08-11 19:25:33.773025;1956;Fortaleza;Matheus Pereira;Smartphone Samsung Galaxy;Patricia Howe;feminino;cartão de crédito
2026-08-11 19:32:35.311146;1957;Natal;Clara Neves;Smartwatch QCY;Donna Manley;feminino;dinheiro
2026-08-11 19:37:35.836585;1958;São Paulo;Floriana Peixoto;Geladeira Eletrolux;Jennifer Simonsen;feminino;pix
2026-08-11 20:34:33.771252;1959;Salvador;Francisco José;SmartTV OLED 4k TCL;Roman Pinkney;masculino;pix
2026-08-12 16:49:33.817363;1960;Fortaleza;Ana Oliveira;SmartTV OLED 4k TCL;Jerry Jones;masculino;boleto
2026-08-12 17:04:35.457033;1961;São Paulo;Floriana Peixoto;Smartwatch QCY;Carmen Rightmire;feminino;dinheiro
2026-08-12 18:43:32.769637;1962;Fortaleza;Matheus Pereira;SmartTV OLED 4k TCL;Sabrina Bryant;feminino;cartão de crédito
2026-08-12 18:47:36.249861;1963;São Paulo;Maurício Peçanha;SmartTV OLED 4k TCL;Isabel Wallace;feminino;dinheiro
2026-08-13 12:27:32.288081;1964;Recife;Carlos Silva;Smartphone Samsung Galaxy;Nick Ramirez;masculino;dinheiro
2026-08-13 14:40:34.076104;1965;Salvador;Carla Montenegro;Smartphone Samsung Galaxy;Sean Maple;masculino;boleto
2026-08-13 15:03:35.863787;1966;Fortaleza;Matheus Pereira;Smartphone Samsung Galaxy;Sam Fischer;masculino;pix
2026-08-13 15:28:32.907262;1967;Salvador;Carla Montenegro;Smartphone Samsung Galaxy;Paul Andrews;masculino;boleto
2026-08-13 17:09:32.619433;1968;Salvador;Francisco José;PlayStation 5;Sean Weigle;masculino;dinheiro
2026-08-14 11:14:33.055287;1969;Fortaleza;Matheus Pereira;Geladeira Eletrolux;Kimberly Johnson;feminino;cartão de crédito
2026-08-14 11:30:34.148441;1970;Fortaleza;Matheus Pereira;Smartwatch QCY;Jimmy Baird;masculino;cartão de crédito
2026-08-14 12:44:34.388965;1971;Natal;João Pedro;PlayStation 5;Ronald Szabat;masculino;dinheiro
2026-08-14 14:12:33.521392;1972;Recife;Fernanda Costa;Smartwatch QCY;John Bruce;masculino;boleto
2026-08-14 14:21:33.668276;1973;Salvador;Francisco José;Smartwatch QCY;Taylor Smith;feminino;dinheiro
2026-08-14 15:18:35.324395;1974;Natal;Clara Neves;SmartTV OLED 4k TCL;Joe Jacobs;masculino;dinheiro
2026-08-15 10:13:33.091763;1975;São Paulo;Maurício Peçanha;Smartwatch QCY;Dona Sullivan;feminino;boleto
2026-08-15 10:37:34.263713;1976;Salvador;Francisco José;SmartTV OLED 4k TCL;Brenda Mcqueen;feminino;dinheiro
2026-08-15 11:12:36.185060;1977;São Paulo;Floriana Peixoto;Geladeira Eletrolux;Lois Stoehr;feminino;boleto
2026-08-15 13:13:32.817272;1978;Recife;Fernanda Costa;Smartwatch QCY;Leon White;masculino;dinheiro
2026-08-15 13:29:34.726248;1979;Natal;Clara Neves;Smartwatch QCY;Jeffrey Smart;masculino;cartão de crédito
2026-08-15 14:17:32.385793;1980;Salvador;Francisco José;Smartwatch QCY;Troy Armendarez;masculino;dinheiro
2026-08-15 15:12:35.582414;1981;Salvador;Francisco José;SmartTV OLED 4k TCL;Angela Kiser;feminino;boleto
2026-08-15 20:02:33.914462;1982;São Paulo;Maurício Peçanha;Geladeira Eletrolux;Earl Hilton;masculino;boleto
2026-08-16 13:17:35.802169;1983;Salvador;Francisco José;PlayStation 5;Daniel Robles;masculino;dinheiro
2026-08-16 13:23:34.048703;1984;Recife;Fernanda Costa;Geladeira Eletrolux;Mark Colegrove;masculino;boleto
2026-08-16 14:25:33.825253;1985;Natal;Clara Neves;Smartwatch QCY;Theresa King;feminino;dinheiro
2026-08-16 16:56:34.701378;1986;São Paulo;Floriana Peixoto;Geladeira Eletrolux;Wesley Brennan;masculino;pix
2026-08-16 17:04:34.321928;1987;Natal;Clara Neves;PlayStation 5;Christopher Walker;masculino;cartão de crédito
2026-08-16 19:22:34.501726;1988;Fortaleza;Matheus Pereira;Smartphone Samsung Galaxy;Ben Edmonds;masculino;cartão de crédito
2026-08-16 19:49:35.492807;1989;Recife;Fernanda Costa;Smartphone Samsung Galaxy;Robert Campbell;masculino;pix
2026-08-17 09:43:34.546139;1990;Recife;Carlos Silva;PlayStation 5;Jacinta Mcclelland;feminino;dinheiro
2026-08-17 11:01:34.319284;1991;Fortaleza;Ana Oliveira;Smartphone Samsung Galaxy;Milton Moore;masculino;pix
2026-08-17 16:42:36.238957;1992;São Paulo;Maurício Peçanha;Smartphone Samsung Galaxy;Paul Miller;masculino;boleto
2026-08-17 16:54:33.920841;1993;Fortaleza;Matheus Pereira;SmartTV OLED 4k TCL;Emily Hill;feminino;dinheiro
2026-08-18 20:21:34.721942;1994;São Paulo;Floriana Peixoto;Geladeira Eletrolux;Sarah Wu;feminino;dinheiro
2026-08-19 12:31:32.286360;1995;Fortaleza;Ana Oliveira;SmartTV OLED 4k TCL;Sherry Chisolm;feminino;cartão de crédito
2026-08-19 13:04:35.067927;1996;Recife;Fernanda Costa;Smartwatch QCY;Bruno Mccrate;masculino;boleto
2026-08-19 15:13:33.961042;1997;Recife;Fernanda Costa;PlayStation 5;Gerald Sisk;masculino;pix
2026-08-19 16:04:34.578413;1998;Natal;Clara Neves;Geladeira Eletrolux;Cynthia Martinez;feminino;cartão de crédito
2026-08-19 20:11:33.583288;1999;São Paulo;Floriana Peixoto;SmartTV OLED 4k TCL;Martha Greenlee;feminino;pix
